group,run,file,n,start_utc,duration_s,effective_hz,gap_gt_100ms,gap_gt_300ms,gap_gt_800ms,extra_time_above_50ms_s,start_x_m,start_y_m,start_z_m,eef_path_length_m,translation_clipping_fraction,rotation_clipping_fraction,grip_close_fraction,grip_negative_gt_1_magnitude_fraction,done_values,dt_s_min,dt_s_p05,dt_s_median,dt_s_p95,dt_s_p99,dt_s_max,dt_s_n,dt_s_mean,normal_dt_s_min,normal_dt_s_p05,normal_dt_s_median,normal_dt_s_p95,normal_dt_s_p99,normal_dt_s_max,normal_dt_s_n,normal_dt_s_mean,eef_speed_m_s_min,eef_speed_m_s_p05,eef_speed_m_s_median,eef_speed_m_s_p95,eef_speed_m_s_p99,eef_speed_m_s_max,eef_speed_m_s_n,eef_speed_m_s_mean,command_error_m_min,command_error_m_p05,command_error_m_median,command_error_m_p95,command_error_m_p99,command_error_m_max,command_error_m_n,command_error_m_mean,next_sample_command_error_m_min,next_sample_command_error_m_p05,next_sample_command_error_m_median,next_sample_command_error_m_p95,next_sample_command_error_m_p99,next_sample_command_error_m_max,next_sample_command_error_m_n,next_sample_command_error_m_mean,command_step_m_min,command_step_m_p05,command_step_m_median,command_step_m_p95,command_step_m_p99,command_step_m_max,command_step_m_n,command_step_m_mean,gripper_width_m_min,gripper_width_m_p05,gripper_width_m_median,gripper_width_m_p95,gripper_width_m_p99,gripper_width_m_max,gripper_width_m_n,gripper_width_m_mean,gripper_action_min,gripper_action_p05,gripper_action_median,gripper_action_p95,gripper_action_p99,gripper_action_max,gripper_action_n,gripper_action_mean,command_orientation_error_rad_min,command_orientation_error_rad_p05,command_orientation_error_rad_median,command_orientation_error_rad_p95,command_orientation_error_rad_p99,command_orientation_error_rad_max,command_orientation_error_rad_n,command_orientation_error_rad_mean,response_projection_away_from_table_min,response_projection_away_from_table_p05,response_projection_away_from_table_median,response_projection_away_from_table_p95,response_projection_away_from_table_p99,response_projection_away_from_table_max,response_projection_away_from_table_n,response_projection_away_from_table_mean,inferred_execution_horizon,chunk_boundary_dt_s_min,chunk_boundary_dt_s_p05,chunk_boundary_dt_s_median,chunk_boundary_dt_s_p95,chunk_boundary_dt_s_p99,chunk_boundary_dt_s_max,chunk_boundary_dt_s_n,chunk_boundary_dt_s_mean,within_chunk_dt_s_min,within_chunk_dt_s_p05,within_chunk_dt_s_median,within_chunk_dt_s_p95,within_chunk_dt_s_p99,within_chunk_dt_s_max,within_chunk_dt_s_n,within_chunk_dt_s_mean,tau_ext_norm_min,tau_ext_norm_p05,tau_ext_norm_median,tau_ext_norm_p95,tau_ext_norm_p99,tau_ext_norm_max,tau_ext_norm_n,tau_ext_norm_mean,desired_eef_position_range_m,tool_transform_unique
demos,demonstration_both_in_bin_interleaved_0_blue,/data3/extracted_data/both_in_bin_interleaved/demonstration_both_in_bin_interleaved_0_blue/deoxys_obs_cmd_history_both_in_bin_interleaved_0_blue.h5,576,2026-03-23T19:27:49.882197+00:00,29.72545623779297,19.34368964433066,1,1,1,0.9995573997497545,0.45492640096862424,0.028439296222780776,0.2615472044018467,1.0932065655838938,0.0,0.0,0.4444444444444444,0.0,[],0.04819750785827637,0.04979381561279297,0.05003499984741211,0.05026650428771973,0.050373191833496096,1.0039920806884766,575,0.05169644563094429,0.04819750785827637,0.049793672561645505,0.05003464221954346,0.0502661943435669,0.05036377668380737,0.05188441276550293,574,0.0500373940019242,0.0005590614229471192,0.005789004020822301,0.03605092729480461,0.07462720340387148,0.09027622963980389,0.09867204181183191,574,0.03806180851858006,3.459720342855673e-09,0.003427836959957961,0.010739028914405077,0.017049148862486034,0.01867737870566348,0.01918275622463368,576,0.010578437267969643,0.00223069531891761,0.00298693770261638,0.009141822078329963,0.01402137141180587,0.01530985953466359,0.016287638533663204,574,0.008903714581876025,0.00010474512237124145,0.00034729937033262104,0.0018435870297253132,0.0038327026180922977,0.004699339130893349,0.008182014338672161,575,0.00197479035705328,0.04849220812320709,0.04857757315039635,0.07987102121114731,0.0799550786614418,0.07996689528226852,0.07996689528226852,576,0.06630320716390593,-1.0,-1.0,-1.0,1.0,1.0,1.0,576,-0.1111111111111111,4.6917893653469156e-08,0.016743046920253975,0.04720837874968324,0.0877122929074202,0.1122389192816595,0.13221204805404735,576,0.05034056747781341,-0.08332822005485302,-0.006066477386020329,0.14425874558790697,0.30212301665147867,0.34957248739458313,0.3710747783450902,252,0.14477241436906774,,,,,,,,,,,,,,,,,,,,,,,,,,,
demos,demonstration_both_in_bin_interleaved_0_pink,/data3/extracted_data/both_in_bin_interleaved/demonstration_both_in_bin_interleaved_0_pink/deoxys_obs_cmd_history_both_in_bin_interleaved_0_pink.h5,643,2026-03-23T19:29:33.854541+00:00,33.08697247505188,19.40340720155277,1,1,1,1.0198050975799546,0.45674218223483576,0.0295836042493245,0.26352931033249877,1.2447589561847567,0.0,0.0,0.38258164852255055,0.0,[],0.0475008487701416,0.049786829948425294,0.05004251003265381,0.05030736923217773,0.051285145282745366,1.0040709972381592,642,0.05153734030381913,0.0475008487701416,0.04978680610656738,0.05004239082336426,0.05030465126037598,0.051158285140991216,0.052454471588134766,641,0.050051328358523745,8.488378582300654e-05,0.0022241460170054177,0.03999008922158154,0.07011762479379272,0.09342532238333516,0.10864386520482054,641,0.03879527191045257,1.764860410285466e-08,0.0042659956299617875,0.010445088184179451,0.01818654231799891,0.018904138962179955,0.02065377229940139,643,0.01078138494265105,0.0032842567121267757,0.003997939321530597,0.008808548604117252,0.014934156728494317,0.015728589922757403,0.01650964830382137,641,0.009074095411919565,1.8974875274579972e-05,0.00011998231348115953,0.0019856636645272374,0.003595282568130639,0.004960826793685558,0.006557999644428492,642,0.001968969823792577,0.048766035586595535,0.04886059835553169,0.0799025446176529,0.07996427267789841,0.07997280359268188,0.07997806370258331,643,0.06817442759825133,-1.0,-1.0,-1.0,1.0,1.0,1.0,643,-0.23483670295489892,9.014545172228495e-08,0.0329170586990246,0.05769870002115719,0.07815175945115675,0.08644068879909789,0.09226152128215707,643,0.055346333805815856,0.0005242149525929291,0.046149710460350234,0.15151709571668537,0.2986808756660576,0.3247293762809934,0.3689378447559958,260,0.16336590062413212,,,,,,,,,,,,,,,,,,,,,,,,,,,
demos,demonstration_both_in_bin_interleaved_10_blue,/data3/extracted_data/both_in_bin_interleaved/demonstration_both_in_bin_interleaved_10_blue/deoxys_obs_cmd_history_both_in_bin_interleaved_10_blue.h5,528,2026-03-23T19:56:57.325466+00:00,27.330625772476196,19.28239786337878,1,1,1,1.0175905704498278,0.45597035011797415,0.032979000937411906,0.2657885144105014,1.1812491665084188,0.0,0.0,0.3939393939393939,0.0,[],0.044889211654663086,0.04976434707641601,0.05003476142883301,0.050311827659606935,0.05134804248809815,1.0036499500274658,527,0.051860769966748,0.044889211654663086,0.049764275550842285,0.0500340461730957,0.05030941963195801,0.051031291484832764,0.05563998222351074,526,0.05005128483355272,0.0001973083230869442,0.006061925950237995,0.04462922075148254,0.08569074482296832,0.10095852345961913,0.12461434573390116,526,0.0448772950623027,1.1403075116015648e-08,0.0034284645595065383,0.011282306040100418,0.018612512912038953,0.019941063793918756,0.02034702683252338,528,0.011477825629810486,0.001997673100233879,0.0033039389020241786,0.0092866054218061,0.014934624480029818,0.01689787675507662,0.017263249496208156,526,0.009498044931548882,0.00013402120384853333,0.0005219477461650968,0.002269293647259474,0.00424850401468575,0.00495223654434085,0.005938064772635698,527,0.002306376351043582,0.048766035586595535,0.04883826896548271,0.0798913836479187,0.07996558398008347,0.07997963979840278,0.07998265326023102,528,0.06801877978652941,-1.0,-1.0,-1.0,1.0,1.0,1.0,528,-0.21212121212121213,8.276739741458373e-08,0.02514702539947103,0.05162567831408929,0.09128592905682019,0.10793090356210798,0.11659910519313499,528,0.054577399351301764,-0.008589108039566336,0.010218629187856007,0.17309766867188614,0.30769426631442015,0.3265157295583226,0.37235348694260756,224,0.1768529038783338,,,,,,,,,,,,,,,,,,,,,,,,,,,
demos,demonstration_both_in_bin_interleaved_10_pink,/data3/extracted_data/both_in_bin_interleaved/demonstration_both_in_bin_interleaved_10_pink/deoxys_obs_cmd_history_both_in_bin_interleaved_10_pink.h5,540,2026-03-23T19:57:53.134398+00:00,27.92583966255188,19.301120629249716,1,1,1,0.9973687648773177,0.4569088800210356,0.03377431776123462,0.26534918281786335,1.3812136064723197,0.0,0.0,0.39444444444444443,0.0,[],0.049072265625,0.04981086254119873,0.05003499984741211,0.05029077529907226,0.05057024002075195,1.0037493705749512,539,0.05181046319582909,0.049072265625,0.04981085062026978,0.05003499984741211,0.050287950038909915,0.05047886610031128,0.05111241340637207,538,0.05004106002226195,7.65022743562225e-05,0.006029241090220076,0.05245727153082194,0.08962402620233427,0.10437644531927456,0.11845538952754171,538,0.05130455198089543,3.971171103114941e-09,0.003633017654624745,0.012714347167711108,0.02167576610493745,0.023035432303999362,0.02371680623185917,540,0.012901638334511715,0.002249804513433107,0.002967089376765388,0.010657731785779587,0.017648526093188458,0.019108925199122988,0.01971888193428912,538,0.010609051185872798,4.625572910299525e-05,0.000416111751110293,0.0026782837230712175,0.004517621081322432,0.005163389509543777,0.005958537105470896,539,0.002590099349617958,0.04881594330072403,0.04886782169342041,0.07990024238824844,0.07996164262294769,0.07996952533721924,0.07996952533721924,540,0.0680226323367269,-1.0,-1.0,-1.0,1.0,1.0,1.0,540,-0.2111111111111111,1.0355837784649012e-07,0.02800177125393028,0.05891291945140893,0.1024239854869826,0.12574278175164721,0.1403517708759686,540,0.06328188987267139,-0.06702100058426685,-0.013697023051330784,0.17447285646579677,0.2721415778095981,0.2960283124777704,0.3116086800952893,309,0.15938063003657618,,,,,,,,,,,,,,,,,,,,,,,,,,,
demos,demonstration_both_in_bin_interleaved_11_blue,/data3/extracted_data/both_in_bin_interleaved/demonstration_both_in_bin_interleaved_11_blue/deoxys_obs_cmd_history_both_in_bin_interleaved_11_blue.h5,562,2026-03-23T19:58:49.877343+00:00,29.031964540481567,19.323528699470312,1,1,1,1.0055930137634264,0.4557431372617605,0.033252493174459954,0.2616635784000317,1.2321289222271883,0.0,0.0,0.4430604982206406,0.0,[],0.0486454963684082,0.04980874061584473,0.05003786087036133,0.05034279823303223,0.050547218322753905,1.0037198066711426,561,0.051750382425100834,0.0486454963684082,0.049808716773986815,0.05003786087036133,0.05033509731292725,0.05053317785263062,0.054604530334472656,560,0.05005043702466147,0.0012249513389903871,0.008911694435684847,0.041457664729535756,0.08133591984523593,0.09230847748772368,0.10123535491405766,560,0.04395767366928489,8.195102401287597e-09,0.003561837692647888,0.011295778449152192,0.020477524856746587,0.02213956653538042,0.02251616259898105,562,0.011714155921828812,0.0009321556634954499,0.0036040623238661625,0.009968094056737434,0.016655251187516117,0.018481193179107444,0.018990114639280367,560,0.009819055848690202,0.00016974117897916585,0.0005948843318037689,0.0019713968504220247,0.004176769871264696,0.0047082870267331585,0.01075910497456789,561,0.002255884697660804,0.04864586517214775,0.048767744563519955,0.07987168058753014,0.07995573431253433,0.07997346669435501,0.07997346669435501,562,0.06650850018386952,-1.0,-1.0,-1.0,1.0,1.0,1.0,562,-0.11387900355871886,8.481110200433428e-08,0.021296365510171063,0.055106098485233755,0.09805050039990267,0.12289569016076861,0.14211195092247333,562,0.05733318229445932,-0.04576355284996975,-0.008592885184341753,0.1651133895599707,0.2905804737452217,0.33244303305896017,0.362782901270529,329,0.14617125859028263,,,,,,,,,,,,,,,,,,,,,,,,,,,
demos,demonstration_both_in_bin_interleaved_11_pink,/data3/extracted_data/both_in_bin_interleaved/demonstration_both_in_bin_interleaved_11_pink/deoxys_obs_cmd_history_both_in_bin_interleaved_11_pink.h5,500,2026-03-23T20:00:04.352004+00:00,25.930331230163574,19.24387295984619,1,1,1,1.0212356567382799,0.4556898234325624,0.03351883303218726,0.26426739326400994,1.2957236304926438,0.0,0.0,0.386,0.0,[],0.046154022216796875,0.04978334903717041,0.05004143714904785,0.05036804676055908,0.05255204677581787,1.0043554306030273,499,0.051964591643614375,0.046154022216796875,0.049783289432525635,0.05004143714904785,0.050365257263183597,0.05221407651901244,0.054000139236450195,498,0.05005216024008142,0.0005505177455938981,0.010276112620161659,0.04984288094279069,0.098223031948142,0.12240794565540299,0.12834459321638073,498,0.05197227211385068,1.0107850342807648e-08,0.004137429530434824,0.011387045010229345,0.023612403323674903,0.026342464682705884,0.02706126068499541,500,0.012817734004684772,0.001656630953239976,0.003953879083006373,0.009759006916482668,0.019585481156724822,0.0221095754129642,0.022579914498179143,498,0.010516909250414394,7.642801938345656e-05,0.000682386162225157,0.002507867757230997,0.004886890202760696,0.0061123025789856875,0.006772943772375584,499,0.002647677669301629,0.048888176679611206,0.049087803810834885,0.07989860326051712,0.07995573431253433,0.07997280359268188,0.07997280359268188,500,0.06823233740776777,-1.0,-1.0,-1.0,1.0,1.0,1.0,500,-0.228,6.78313510356854e-08,0.015228557182105208,0.04829751012060599,0.0979832929465504,0.10437872788598572,0.11464887942172439,500,0.051003358720819424,0.007703920474185594,0.039270773669671646,0.18048478516817074,0.28221558341805075,0.29459866734435397,0.2981317189965291,176,0.17975424234499454,,,,,,,,,,,,,,,,,,,,,,,,,,,
demos,demonstration_both_in_bin_interleaved_12_blue,/data3/extracted_data/both_in_bin_interleaved/demonstration_both_in_bin_interleaved_12_blue/deoxys_obs_cmd_history_both_in_bin_interleaved_12_blue.h5,474,2026-03-23T20:02:31.837926+00:00,24.62583875656128,19.207467598397006,1,1,1,0.9994769096374502,0.4586273450916371,0.03227105327416016,0.2651329061659305,1.1977667946689476,0.0,0.0,0.41139240506329117,0.0,[],0.04826545715332031,0.049785423278808597,0.05004096031188965,0.05030059814453125,0.05078851699829101,1.0038788318634033,473,0.0520630840519266,0.04826545715332031,0.049785280227661134,0.0500408411026001,0.05029652118682861,0.050700213909149174,0.05329751968383789,472,0.050046525264190414,0.0,0.002902627416300554,0.05145139761834418,0.1004562492944021,0.12154402873951364,0.1650233166148466,472,0.050703841115272964,2.8746685763327235e-09,0.003108983077043694,0.01115987266130335,0.02138507853346699,0.027297299785217208,0.027947895356117934,474,0.01231168723875316,0.0020060692680520884,0.002587864236766659,0.009395438454928884,0.017583622460560316,0.022594840738901778,0.02409499851957612,472,0.010075570867718094,6.976035365369171e-05,0.00020499103411566466,0.0026052785106003284,0.0048326106742024415,0.005795825775712723,0.018307825550436974,473,0.0025671354960650206,0.048813316971063614,0.048903938382864,0.07988415658473969,0.0799596756696701,0.07997280359268188,0.07997280359268188,474,0.0677732882258887,-1.0,-1.0,-1.0,1.0,1.0,1.0,474,-0.17721518987341772,1.1929312637189555e-07,0.02758009895922533,0.05255308058402649,0.1102402659134364,0.15279090649869168,0.19376036051424306,474,0.05652028690653412,-0.02528415997193261,0.007744417616974286,0.1722584307227915,0.33621226764868084,0.42552345218085735,0.45204216358967353,219,0.17567020209648979,,,,,,,,,,,,,,,,,,,,,,,,,,,
demos,demonstration_both_in_bin_interleaved_12_pink,/data3/extracted_data/both_in_bin_interleaved/demonstration_both_in_bin_interleaved_12_pink/deoxys_obs_cmd_history_both_in_bin_interleaved_12_pink.h5,555,2026-03-23T20:03:28.913180+00:00,28.678130388259888,19.31785623747613,1,1,1,1.0054170608520496,0.454244290732198,0.0360232398864951,0.2606798118063138,1.275147793977914,0.0,0.0,0.3747747747747748,0.0,[],0.04851198196411133,0.04977896213531494,0.050035834312438965,0.05031716823577881,0.05067454814910889,1.003920555114746,554,0.051765578318158645,0.04851198196411133,0.04977879524230957,0.05003547668457031,0.05031561851501465,0.05059173583984375,0.05168318748474121,553,0.0500437790834451,0.00013898620064051973,0.004693969972759831,0.04442891259869277,0.08718000114396336,0.10869171687485067,0.1258877861828356,553,0.04607415460592802,4.985468426551204e-09,0.005894762083101703,0.012317354102327238,0.020052909646212373,0.022488398980277022,0.02315514502047985,555,0.0124525752929928,0.0021781721449119374,0.004893768876775259,0.010287586961450325,0.016109069421690977,0.018345170356221376,0.018950982792136077,553,0.010379263818055836,1.6831614630063996e-05,0.00034387414634693417,0.002291667042300105,0.004324677539989353,0.00527232627384365,0.012317652814090252,554,0.0023609024938195944,0.04873976856470108,0.048805567994713785,0.07989991456270218,0.07996361702680588,0.07996876075863839,0.07997018098831177,555,0.06854235223821692,-1.0,-1.0,-1.0,1.0,1.0,1.0,555,-0.25045045045045045,1.3504062544924755e-07,0.02758852380941526,0.050562562260552855,0.07874893320143704,0.08771620869855053,0.09476761874466633,555,0.05156355661141072,-0.001800858445121193,0.0046711996778762,0.16049430591872943,0.2752347509806658,0.2944114596338293,0.3111178365638902,282,0.15748556337839417,,,,,,,,,,,,,,,,,,,,,,,,,,,
demos,demonstration_both_in_bin_interleaved_13_blue,/data3/extracted_data/both_in_bin_interleaved/demonstration_both_in_bin_interleaved_13_blue/deoxys_obs_cmd_history_both_in_bin_interleaved_13_blue.h5,476,2026-03-23T20:09:40.185478+00:00,24.727912664413452,19.209061696646323,1,1,1,0.997685146331786,0.458492706268799,0.03180469165725091,0.2652100570963433,1.1294901191981812,0.0,0.0,0.39285714285714285,0.0,[],0.04938006401062012,0.04979078769683838,0.050034523010253906,0.050289463996887204,0.05050541400909424,1.0037987232208252,475,0.05205876350402832,0.04938006401062012,0.04979077577590942,0.050034403800964355,0.05028703212738037,0.05049499750137329,0.05657243728637695,474,0.05005087329365533,0.0003424611152171741,0.004155184403935617,0.04577638672933436,0.10412467842394177,0.11353048299363651,0.1290653561113491,474,0.04761989083167504,1.1247576707546542e-08,0.00481048521387361,0.010484375044428828,0.021889343781923344,0.026899993185721692,0.027565835829012546,476,0.012441389374916668,0.0029159387753475105,0.004390431612804589,0.009373278156895603,0.017120862507104564,0.021974075235647803,0.022594700831913565,474,0.010313900650751006,7.712882506893948e-05,0.00031859914306551216,0.002326223300769925,0.005308963824063539,0.006003723209723829,0.008443253114819527,475,0.0024724574759602547,0.048471849411726,0.048544904217123985,0.07989860326051712,0.07995573431253433,0.07996689528226852,0.07996689528226852,476,0.06804553143085301,-1.0,-1.0,-1.0,1.0,1.0,1.0,476,-0.21428571428571427,1.0088742215180243e-07,0.01822621875428814,0.047396123789144,0.09609972688708449,0.10867834998082762,0.1521935048969697,476,0.05143027991445747,-0.017506035973346837,-0.011211045562604681,0.1705457621065054,0.30810457852983714,0.3212100280402398,0.325828289927451,246,0.15989369737835252,,,,,,,,,,,,,,,,,,,,,,,,,,,
demos,demonstration_both_in_bin_interleaved_13_pink,/data3/extracted_data/both_in_bin_interleaved/demonstration_both_in_bin_interleaved_13_pink/deoxys_obs_cmd_history_both_in_bin_interleaved_13_pink.h5,590,2026-03-23T20:11:02.990093+00:00,30.428669691085815,19.35674500330028,1,1,1,1.0067303180694567,0.4562735943565855,0.03356762864896147,0.2632752173462188,1.3287089926445335,0.0,0.0,0.3949152542372881,0.0,[],0.0483708381652832,0.049790811538696286,0.0500333309173584,0.05031528472900391,0.050663938522338865,1.0040080547332764,589,0.05166157842289612,0.0483708381652832,0.04979078769683838,0.050032615661621094,0.05031054019927979,0.050616459846496584,0.0518038272857666,588,0.05004194155842268,0.00014197064923988781,0.00481914849496903,0.046501474015927025,0.0825114221139808,0.09154848555332806,0.10178519857362811,588,0.045154224724496796,1.4330493533971254e-08,0.005141675055920746,0.011825392069578092,0.019393124324246124,0.0224757426774903,0.02286231643578147,590,0.011779486754174305,0.0029021891698282785,0.004772939225839969,0.00966343368580572,0.015764958191392484,0.01820171995521556,0.019055839962850585,588,0.009809108650985374,9.567035885993391e-05,0.00039463309221901,0.0023501317482441664,0.004150714818388224,0.0048548273928463465,0.012340468354523182,589,0.002334640361368656,0.04889014735817909,0.04909568279981613,0.07989729195833206,0.07996124997735024,0.07996755093336105,0.07996755093336105,590,0.06804552491817434,-1.0,-1.0,-1.0,1.0,1.0,1.0,590,-0.21016949152542372,1.0178553710639866e-07,0.021684713619539702,0.05608500244529692,0.07726535294883922,0.0885637827610267,0.10292885588960492,590,0.053685664795680155,-0.12536297841648972,-0.012439081953834663,0.1716580889202547,0.25688938865199185,0.29121629532882537,0.3120632354509175,342,0.15635279405198,,,,,,,,,,,,,,,,,,,,,,,,,,,
demos,demonstration_both_in_bin_interleaved_14_blue,/data3/extracted_data/both_in_bin_interleaved/demonstration_both_in_bin_interleaved_14_blue/deoxys_obs_cmd_history_both_in_bin_interleaved_14_blue.h5,560,2026-03-23T20:12:15.572303+00:00,28.929043292999268,19.32314160334767,1,1,1,1.013283300399779,0.4590977523596039,0.03141954205931231,0.26720912666837293,1.3254218501481325,0.0,0.0,0.44285714285714284,0.0,[],0.047186851501464844,0.04976053237915039,0.05003833770751953,0.05034942626953125,0.05120465278625488,1.0040481090545654,559,0.05175141912880012,0.047186851501464844,0.04976050853729248,0.05003798007965088,0.050343680381774905,0.05111533164978027,0.0529482364654541,558,0.05004479423646004,0.001108555275704964,0.003944255096615437,0.044005718166048605,0.10220545481343425,0.12856690616762495,0.14658929923665207,558,0.04746037540244766,1.6845665838519197e-08,0.0038255461916698623,0.01126479903117674,0.024157582754554464,0.027554322743437266,0.029101527456016168,560,0.012348173235844664,0.001293466185973335,0.0036880644931650843,0.009274691994413421,0.019220771549637677,0.02143879338432304,0.023700512585548256,558,0.010267843342236328,0.00010299235145794228,0.0002232835555332713,0.002221787115558982,0.005159659497439862,0.006836844664067029,0.012488949112594128,559,0.002440383890643716,0.04856247082352638,0.048766035586595535,0.07988350093364716,0.0799550786614418,0.07995902001857758,0.07995902001857758,560,0.06656819162225085,-1.0,-1.0,-1.0,1.0,1.0,1.0,560,-0.11428571428571428,9.425979108814301e-08,0.026915264210714294,0.06170783071944822,0.1021496756654426,0.13545317291917439,0.1415164738181542,560,0.0614250721496623,-0.06818822226848555,0.002870226847195666,0.15211696139652958,0.30082496769177647,0.337436331659874,0.406822801269113,287,0.1520364114468333,,,,,,,,,,,,,,,,,,,,,,,,,,,
demos,demonstration_both_in_bin_interleaved_14_pink,/data3/extracted_data/both_in_bin_interleaved/demonstration_both_in_bin_interleaved_14_pink/deoxys_obs_cmd_history_both_in_bin_interleaved_14_pink.h5,646,2026-03-23T20:13:12.343168+00:00,33.22966694831848,19.410366074482695,1,1,1,1.018378353118895,0.45769180177682023,0.031748362450279205,0.2661562397845829,1.3079982060856088,0.0,0.0,0.413312693498452,0.0,[],0.04446220397949219,0.049794769287109374,0.05003619194030762,0.05029463768005371,0.050709209442138664,1.0048015117645264,645,0.051518863485765086,0.04446220397949219,0.04979474544525146,0.050036072731018066,0.05029149055480957,0.050556914806365975,0.055585622787475586,644,0.05003861092632602,0.0002949228347650017,0.005505166276597412,0.04061743787959528,0.07678425328782991,0.08565226067796382,0.10123686940606105,644,0.04058834772164024,1.8741869172068382e-08,0.004230528560641396,0.011386485882648342,0.017500463615178465,0.020025771620891458,0.02063602130497462,646,0.01096729340506344,0.0017622831396167072,0.003954539103286111,0.00936359990690402,0.014449090411298878,0.016045117677101456,0.017300088787026158,644,0.009213436462343174,0.00013558714999817312,0.0003818138968199492,0.002059753518551588,0.003806766541674731,0.0043214607425034034,0.010856589302420616,645,0.0020590336062014103,0.04855787381529808,0.048741904087364674,0.07990123331546783,0.07995638996362686,0.07996489219367504,0.07996755093336105,646,0.06756088696420193,-1.0,-1.0,-1.0,1.0,1.0,1.0,646,-0.17337461300309598,9.178708630975412e-08,0.026048872438021155,0.05098810824145061,0.08549399821750552,0.09953675143493387,0.10988918618645607,646,0.053308609642905395,0.001268263622432701,0.10309689399813064,0.18195130614562255,0.2700093063042941,0.3106962323031115,0.3491198996626158,254,0.18048684226531217,,,,,,,,,,,,,,,,,,,,,,,,,,,
demos,demonstration_both_in_bin_interleaved_15_blue,/data3/extracted_data/both_in_bin_interleaved/demonstration_both_in_bin_interleaved_15_blue/deoxys_obs_cmd_history_both_in_bin_interleaved_15_blue.h5,505,2026-03-23T20:15:27.041355+00:00,26.175713300704956,19.254489618299207,1,1,1,1.0194249153137194,0.4558905978997521,0.031488738676916816,0.26232660532311347,1.1944873072694975,0.0,0.0,0.4,0.0,[],0.04185891151428223,0.0497660756111145,0.050035715103149414,0.050340116024017334,0.052051744461059556,1.0036535263061523,504,0.05193593908870031,0.04185891151428223,0.04976599216461182,0.05003547668457031,0.050336456298828124,0.05154658317565918,0.05831623077392578,503,0.050043856410335597,2.955797156018651e-05,0.0051493145699467325,0.04576985386958843,0.09353463777053712,0.107223026928362,0.11244494098947196,503,0.047458574142169085,7.431569034370772e-09,0.0044448115611114055,0.010187363342099121,0.020713436592530533,0.025833052453228915,0.02640079342170111,505,0.011612885247606997,0.002958926641013446,0.004149983109831752,0.008254995383011126,0.01678313219955086,0.020842284259341128,0.021318462791863654,503,0.009528434834069455,5.973517909296788e-05,0.00042661626066546886,0.0023489155573770404,0.004625347489491104,0.005356874899007377,0.015006312169134617,504,0.0024581369943916798,0.048548679798841476,0.04857166260480881,0.07989335060119629,0.07995573431253433,0.07995902001857758,0.07995902001857758,505,0.06775921022537912,-1.0,-1.0,-1.0,1.0,1.0,1.0,505,-0.2,5.415958751102907e-08,0.020831910447132448,0.054735657239442015,0.09545331761892405,0.12613189932602997,0.162365440646573,505,0.05527955463836611,-0.01796683350096873,9.56123824550618e-06,0.18229929467177858,0.29328636145347076,0.30624586480583393,0.35049919128014445,296,0.16603795259857784,,,,,,,,,,,,,,,,,,,,,,,,,,,
demos,demonstration_both_in_bin_interleaved_15_pink,/data3/extracted_data/both_in_bin_interleaved/demonstration_both_in_bin_interleaved_15_pink/deoxys_obs_cmd_history_both_in_bin_interleaved_15_pink.h5,523,2026-03-23T20:16:20.827441+00:00,27.07522749900818,19.279616395434605,1,1,1,1.0035521984100328,0.45561988154576044,0.03392081256508875,0.26477526518214084,1.4817209193352665,0.0,0.0,0.42065009560229444,0.0,[],0.04589414596557617,0.049793779850006104,0.050035953521728516,0.05029863119125366,0.05076000452041625,1.0041968822479248,522,0.05186825191380877,0.04589414596557617,0.049793243408203125,0.050035715103149414,0.05029749870300293,0.05054306983947754,0.05416607856750488,521,0.05004036586710221,0.0003506718139869731,0.005675424428157338,0.054103567193366627,0.11530853545655871,0.12839156859235587,0.15762969305131927,521,0.056835020370220514,1.4840978982970492e-08,0.0044060202700853335,0.01207595908635951,0.02548401762517551,0.0270801810638623,0.027420994378996987,523,0.013779352951576248,0.001523903044013986,0.003918259386889024,0.010321165773289872,0.01989332576921226,0.02122815432484911,0.022178352939551983,521,0.011309339200907311,0.00010106262925546616,0.0004308327421313152,0.0026858323253691196,0.005907165468670428,0.006557712182402605,0.013494479469954967,522,0.0028935300651937723,0.048507966101169586,0.048591889441013336,0.07989400625228882,0.07995442301034927,0.07996392846107483,0.079966239631176,523,0.06745601713970788,-1.0,-1.0,-1.0,1.0,1.0,1.0,523,-0.1586998087954111,1.1447350370940236e-07,0.03118788743579782,0.059467614783936334,0.09807778135059347,0.1249427389702699,0.13073351357157798,523,0.06082708389090059,-0.08928848591134815,0.08409561470124469,0.18751593993754195,0.28120587980452766,0.313516157835894,0.3758872972951195,254,0.1897816851523909,,,,,,,,,,,,,,,,,,,,,,,,,,,
demos,demonstration_both_in_bin_interleaved_16_blue,/data3/extracted_data/both_in_bin_interleaved/demonstration_both_in_bin_interleaved_16_blue/deoxys_obs_cmd_history_both_in_bin_interleaved_16_blue.h5,472,2026-03-23T20:17:19.394179+00:00,24.523783922195435,19.205845292647435,1,1,1,0.9925624847412097,0.45633458997443166,0.028277230379623427,0.2628685320622644,1.209234402083994,0.0,0.0,0.4194915254237288,0.0,[],0.04952502250671387,0.049817442893981934,0.05003190040588379,0.050293922424316406,0.05059027671813965,1.004607915878296,471,0.05206748178810071,0.04952502250671387,0.04981738328933716,0.05003166198730469,0.05029240846633911,0.05053488731384277,0.0509340763092041,470,0.05004080001344072,0.0001757403310101264,0.002279159742347782,0.05067289527218688,0.11078982099973154,0.12150805227024743,0.13117596953183633,470,0.05141200054795337,8.559804587667631e-09,0.003698596879778336,0.0103662618211482,0.023861513741050666,0.02530144247030487,0.02558769144418371,472,0.012565640860153424,0.0018803002575166496,0.0033174662238628105,0.008738546200427121,0.018463947804173285,0.020904461704307497,0.02195063606665211,470,0.010261839134577623,9.240027429768816e-05,0.00020909979502903298,0.0025943592190742493,0.0056279494892805815,0.006226990697905422,0.00780117092654109,471,0.0026261548046022654,0.04853423312306404,0.048649150878190994,0.07989302277565002,0.07995375990867615,0.07996558398008347,0.07996886968612671,472,0.0672333983120398,-1.0,-1.0,-1.0,1.0,1.0,1.0,472,-0.16101694915254236,3.5367416659959734e-08,0.019442385468686027,0.04372905250228605,0.09037279031935205,0.13055701826020474,0.14884982591050147,472,0.04904703946465875,-0.05956012706669888,-0.015717568857197613,0.15823330628172477,0.29234356345776846,0.3134853640471327,0.3521790157775052,293,0.14378588993115513,,,,,,,,,,,,,,,,,,,,,,,,,,,
demos,demonstration_both_in_bin_interleaved_16_pink,/data3/extracted_data/both_in_bin_interleaved/demonstration_both_in_bin_interleaved_16_pink/deoxys_obs_cmd_history_both_in_bin_interleaved_16_pink.h5,551,2026-03-23T20:18:17.197963+00:00,28.47510838508606,19.31511524247839,1,1,1,1.000273084640502,0.45821317599713335,0.032983698339410075,0.2666645296669805,1.3176103720246166,0.0,0.0,0.39201451905626133,0.0,[],0.04915356636047363,0.04978059530258179,0.05003702640533447,0.050292479991912845,0.05067442655563354,1.0041472911834717,550,0.05177292433652011,0.04915356636047363,0.04978046417236328,0.05003690719604492,0.050290250778198244,0.05056449890136719,0.05101919174194336,549,0.050038180498911816,0.0,0.005611907556824721,0.04528159263409496,0.09851463370578697,0.10975056707315242,0.13309153506248952,549,0.047961851397981814,6.7170175141847236e-09,0.004582231673589631,0.011945533856412621,0.02146334380064784,0.024226918694672556,0.02477960074204383,551,0.01227933871546981,0.002789257018346864,0.004278520416327697,0.010008219167318599,0.017000478877264653,0.019266988301147755,0.020397046181808213,549,0.010178322719563409,0.00015470164362341166,0.0003832308109849692,0.002261476474814117,0.0048963564913719875,0.005411499314941464,0.014106536284089088,550,0.0024330588057637215,0.04889605566859245,0.04910159483551979,0.07989860326051712,0.07995704561471939,0.07996558398008347,0.07996558398008347,551,0.06851115623343662,-1.0,-1.0,-1.0,1.0,1.0,1.0,551,-0.2159709618874773,8.950203355063589e-08,0.024021898712828067,0.052799868377275246,0.09602756448066976,0.12701995393539733,0.1509878548140061,551,0.054744014828566626,-0.04692692464021531,-0.01870284374266024,0.16563966212539483,0.2744008076640384,0.3087018772297789,0.3188207926186471,327,0.14775500416137927,,,,,,,,,,,,,,,,,,,,,,,,,,,
demos,demonstration_both_in_bin_interleaved_17_blue,/data3/extracted_data/both_in_bin_interleaved/demonstration_both_in_bin_interleaved_17_blue/deoxys_obs_cmd_history_both_in_bin_interleaved_17_blue.h5,500,2026-03-23T20:19:23.058076+00:00,25.927750825881958,19.245788165392323,1,1,1,1.0031924247741688,0.4599558081340708,0.032618796769431906,0.26549121101701506,1.2774588586506819,0.0,0.0,0.398,0.0,[],0.04783320426940918,0.04978244304656983,0.050031423568725586,0.05029728412628174,0.05070995330810547,1.0040132999420166,499,0.05195942049274942,0.04783320426940918,0.049782407283782956,0.050031304359436035,0.0502907395362854,0.05059373140335083,0.054360151290893555,498,0.050047665714738836,0.000185903862845758,0.004786648164863794,0.04792531251511299,0.1021781201864283,0.11966137624017407,0.14288918834358996,498,0.051255772129238625,7.358330783697951e-09,0.0034616149471043147,0.01073368308191109,0.02193494832197768,0.02432638522661933,0.02465587333039813,500,0.012074723072373655,0.0008571358826151714,0.002605886160168059,0.008958569501716904,0.016958719286769976,0.01963818916798324,0.020317233532733858,498,0.009774646607626536,5.248683373793028e-05,0.0003871152322972194,0.0024148395750671625,0.00515799829736352,0.00622213004156947,0.010096108540892601,499,0.002633953932672739,0.048748962581157684,0.04879952594637871,0.07989400625228882,0.07995442301034927,0.07996033132076263,0.07996033132076263,500,0.06780990735441446,-1.0,-1.0,-1.0,1.0,1.0,1.0,500,-0.204,7.339948843318769e-08,0.02600369449315473,0.055273164283427656,0.0923496866037086,0.10285638423559189,0.11169543330545313,500,0.05696907102591612,-0.13544032949433588,-0.039601056509890625,0.18497220966102998,0.27804919444433607,0.33965909251895887,0.3466697321997349,273,0.1617054548559737,,,,,,,,,,,,,,,,,,,,,,,,,,,
demos,demonstration_both_in_bin_interleaved_17_pink,/data3/extracted_data/both_in_bin_interleaved/demonstration_both_in_bin_interleaved_17_pink/deoxys_obs_cmd_history_both_in_bin_interleaved_17_pink.h5,518,2026-03-23T20:20:21.773193+00:00,26.8245050907135,19.27342175565366,1,1,1,1.0129217147827134,0.46029992992994234,0.031451423118342606,0.26748589244625104,1.3704247498625206,0.0,0.0,0.4111969111969112,0.0,[],0.046302080154418945,0.049786376953125,0.050029754638671875,0.05031838417053223,0.05201434135437011,1.0039708614349365,517,0.05188492280602225,0.046302080154418945,0.049786269664764404,0.050029635429382324,0.05030947923660278,0.05169110298156739,0.05457901954650879,516,0.05003979501798171,0.0,0.0038112867496871497,0.0546952873539624,0.09767730349185359,0.11271657877877578,0.1340419121169382,516,0.05307208811969513,1.0614624970505584e-08,0.006126164836767213,0.012421530489649984,0.021308672485071116,0.02382087709087407,0.024157870706156957,518,0.013154350238246492,0.001990120223875441,0.0055526939188815,0.009955822411951948,0.017086874389217563,0.01903741354732346,0.020229134362685572,516,0.010768130222313696,5.4179199651116505e-05,0.00042297844192944466,0.002698541386052966,0.004893114324659108,0.005495268590748309,0.015944909304380417,517,0.0027079761493951082,0.048987988382577896,0.048988647758960724,0.07984902337193489,0.0799550786614418,0.07996229827404022,0.07996229827404022,518,0.06675894428260308,-1.0,-1.0,-1.0,1.0,1.0,1.0,518,-0.1776061776061776,9.179067274674454e-08,0.02564298794683618,0.052221885721524794,0.08204462647347827,0.09122542607729879,0.10265973575967666,518,0.05314502547072234,-0.09323199940217099,-0.001140662469603193,0.17291288581473382,0.27106493502166373,0.30662660998454083,0.3504327411888522,299,0.16372500551731684,,,,,,,,,,,,,,,,,,,,,,,,,,,
demos,demonstration_both_in_bin_interleaved_18_blue,/data3/extracted_data/both_in_bin_interleaved/demonstration_both_in_bin_interleaved_18_blue/deoxys_obs_cmd_history_both_in_bin_interleaved_18_blue.h5,553,2026-03-23T20:21:21.765516+00:00,28.57901930809021,19.314868507182773,1,1,1,1.0018560886383046,0.4563717486681509,0.032788289512845716,0.2618563165408341,1.330724334701518,0.0,0.0,0.4701627486437613,0.0,[],0.049117326736450195,0.0497886061668396,0.05003857612609863,0.05028259754180908,0.05048748016357422,1.0042200088500977,552,0.051773585703061974,0.049117326736450195,0.04978835582733154,0.05003833770751953,0.05028104782104492,0.05045819282531738,0.053144216537475586,551,0.05004500780261363,0.00016889331806437444,0.006329293488264099,0.045962681813613564,0.0984063950095246,0.1178278713732962,0.1432501227345388,551,0.048258950244785825,6.055947155384797e-09,0.0023216862905457375,0.010358254530870109,0.020813014632292313,0.02530117002196155,0.02625585745397196,553,0.011557596411691014,0.0009202857127761599,0.0021779083555110547,0.00877090548361192,0.016600385778508475,0.020766501232765917,0.022017248695652372,551,0.009466915553067085,5.2253173635108396e-05,0.0004849260949413292,0.0023217882262542844,0.004874456115067003,0.005907007353380323,0.007953635416924953,552,0.0024715345352888107,0.048883579671382904,0.04909633845090866,0.07757597416639328,0.07995244860649109,0.07997149229049683,0.07997149229049683,553,0.06560137143752674,-1.0,-1.0,-1.0,1.0,1.0,1.0,553,-0.059674502712477394,1.1869300809825663e-07,0.022094444438391495,0.04612469558341698,0.08814953984702831,0.13222501781668405,0.16418335631845657,553,0.0517366688797853,-0.06275441724311925,0.0017443136384645663,0.17305583635313018,0.2874088989674377,0.3194199728695214,0.33527352536134913,319,0.1616553875987398,,,,,,,,,,,,,,,,,,,,,,,,,,,
demos,demonstration_both_in_bin_interleaved_18_pink,/data3/extracted_data/both_in_bin_interleaved/demonstration_both_in_bin_interleaved_18_pink/deoxys_obs_cmd_history_both_in_bin_interleaved_18_pink.h5,557,2026-03-23T20:22:36.613278+00:00,28.782161235809326,19.317520857615534,1,1,1,1.0118105888366686,0.4592365396683894,0.033098392758124325,0.2682518482126939,1.4003973751275596,0.0,0.0,0.4254937163375224,0.0,[],0.0479888916015625,0.04979497194290161,0.05003714561462402,0.050315260887145996,0.05107545852661133,1.0038213729858398,556,0.05176647704282253,0.0479888916015625,0.04979484081268311,0.05003714561462402,0.05031383037567139,0.05104657649993897,0.055791616439819336,555,0.050051062815898176,6.741286303733087e-05,0.008373451457591656,0.05306629720160214,0.09245863885805149,0.10185946789556315,0.11147713132629632,555,0.05042001606407032,1.3940886570515992e-08,0.004981193544601632,0.011942377365365816,0.021530216138151637,0.023565178862252806,0.023809706846554615,557,0.012275999780186737,0.0020367323596551857,0.003948652950815442,0.009294398863148009,0.017180759219281732,0.018789890351476733,0.01932687429842716,555,0.010020411847600802,0.00016607374709565192,0.000507737509906292,0.0026702199829742312,0.004716601106338203,0.005130723933689297,0.005612294655293226,556,0.002571549965068698,0.048696428537368774,0.048861516267061235,0.07987036556005478,0.07995835691690445,0.07996295392513275,0.07996295392513275,557,0.0668451154748349,-1.0,-1.0,-1.0,1.0,1.0,1.0,557,-0.1490125673249551,9.004420231419726e-08,0.021514195288542228,0.04447906915731912,0.07326821597501233,0.08715525276950974,0.09581751421064647,557,0.04521464577166911,-0.06402554504105813,-0.005486884404776736,0.18118696217708638,0.26960576939272257,0.315762030053087,0.3604200528029143,324,0.15963153893228255,,,,,,,,,,,,,,,,,,,,,,,,,,,
demos,demonstration_both_in_bin_interleaved_19_blue,/data3/extracted_data/both_in_bin_interleaved/demonstration_both_in_bin_interleaved_19_blue/deoxys_obs_cmd_history_both_in_bin_interleaved_19_blue.h5,467,2026-03-23T20:24:34.249548+00:00,24.27248764038086,19.198691411618658,1,1,1,0.9946486949920642,0.4594953497691023,0.02831944122094487,0.2680790091505106,1.246998008149728,0.0,0.0,0.39186295503211993,0.0,[],0.04854273796081543,0.049790143966674805,0.05003917217254639,0.05029702186584473,0.05061991214752198,1.0036911964416504,466,0.05208688334845678,0.04854273796081543,0.04979009628295898,0.050039052963256836,0.050292015075683594,0.05058674812316895,0.05161857604980469,465,0.05004042246008432,0.0009430521897068325,0.004899267035563211,0.049001241639824375,0.12155213992510805,0.13425651874571692,0.1566355871673329,465,0.05359120509427145,1.4386372349371579e-08,0.0033254592399726435,0.010867962404020038,0.02638983266869274,0.02866174765205994,0.02929227796682512,467,0.01268078855513534,0.0013279810241351685,0.002889393962933201,0.008569064438849115,0.021235150279465015,0.022287618814893457,0.022580292774121075,465,0.010327047251859591,9.276534547097981e-05,0.00033555057598277926,0.0023901060922071338,0.006186198559589684,0.006804827484302224,0.007877551019191742,466,0.002741055330261588,0.04874436557292938,0.04879361763596535,0.07989203929901123,0.0799550786614418,0.07996361702680588,0.07996361702680588,467,0.06845426860183669,-1.0,-1.0,-1.0,1.0,1.0,1.0,467,-0.21627408993576017,1.4922243603201504e-08,0.021808156401888226,0.05471955108901524,0.07747891235005204,0.08643957307471715,0.10604207616712381,467,0.053468980930281684,-0.09728033705498124,-0.01985251729351582,0.18094362676367337,0.2937818010397468,0.3299865697777992,0.36088143607068535,232,0.15669297376477717,,,,,,,,,,,,,,,,,,,,,,,,,,,
demos,demonstration_both_in_bin_interleaved_19_pink,/data3/extracted_data/both_in_bin_interleaved/demonstration_both_in_bin_interleaved_19_pink/deoxys_obs_cmd_history_both_in_bin_interleaved_19_pink.h5,481,2026-03-23T20:25:33.693601+00:00,24.97418236732483,19.21984843948332,1,1,1,1.0032269477844227,0.45873607328284266,0.036776587769339286,0.26517886215393405,1.3540943639597842,0.0,0.0,0.40332640332640335,0.0,[],0.04748678207397461,0.0497779369354248,0.050036072731018066,0.05030890703201294,0.05135855913162231,1.004941463470459,480,0.05202954659859339,0.04748678207397461,0.049777650833129884,0.05003547668457031,0.0503084659576416,0.05122889041900635,0.05294203758239746,479,0.05004016890157489,0.0008990688617346168,0.00923715444546117,0.05419932838034002,0.10412098608795387,0.11507366303660571,0.13348410177940806,479,0.05649580446778563,1.1613287902234685e-08,0.003918041894731088,0.011982107048567947,0.023538689463206745,0.02526652343776795,0.025671362837868323,481,0.012842719796351328,0.0015754533051529633,0.0035513941642101956,0.009795770503069847,0.018673205367833626,0.020319395457374857,0.021433230117716084,479,0.010333424753563423,7.06161736161448e-05,0.0005421202455181629,0.0027331849560141563,0.00543430943507701,0.006038889060728252,0.011439327150583267,480,0.0028948078397661448,0.04883826896548271,0.04886322468519211,0.07989269495010376,0.0799596756696701,0.07997280359268188,0.07997280359268188,481,0.06818900013385097,-1.0,-1.0,-1.0,1.0,1.0,1.0,481,-0.19334719334719336,1.3979353453952258e-07,0.021036133759470554,0.05131974247582253,0.09946124287695957,0.12207871721607137,0.13117031855208633,481,0.056416525831369226,0.04293558560322076,0.13923220988636342,0.2019254407527712,0.2726727666894484,0.30752523973688844,0.3223532087365152,207,0.2027184055655849,,,,,,,,,,,,,,,,,,,,,,,,,,,
demos,demonstration_both_in_bin_interleaved_1_blue,/data3/extracted_data/both_in_bin_interleaved/demonstration_both_in_bin_interleaved_1_blue/deoxys_obs_cmd_history_both_in_bin_interleaved_1_blue.h5,529,2026-03-23T19:30:43.073759+00:00,27.376349210739136,19.286720662990277,1,1,1,0.9950291156768785,0.4596698040674021,0.03461048663669788,0.26727999232051813,1.1766079344954958,0.0,0.0,0.4045368620037807,0.0,[],0.04959750175476074,0.049801194667816163,0.05003547668457031,0.050273215770721434,0.050436828136444095,1.0038468837738037,528,0.05184914623246049,0.04959750175476074,0.049801182746887204,0.05003547668457031,0.050271010398864745,0.05040722846984863,0.05243325233459473,527,0.05004269891264769,0.0006439232308398319,0.006721829708012129,0.043892133292778884,0.09511190563441067,0.11553937651776841,0.13335919774660115,527,0.04461179865128931,1.1210296126992646e-08,0.004182530009433022,0.011073793726708374,0.021150477930799015,0.0233169729381759,0.024210493228101846,529,0.011358351546015706,0.0023447050903907278,0.0032722780250944864,0.008961018726453373,0.016222828179242053,0.018030855542833284,0.01955426508821329,527,0.009339908864291705,0.00022958192857913673,0.0005142087262356654,0.002235620515421033,0.004861798207275568,0.006115363533608616,0.006522679701447487,528,0.002299591666087508,0.04876406490802765,0.04880806431174278,0.0798959732055664,0.07995375990867615,0.07995912283658982,0.0799596756696701,529,0.06774542372962478,-1.0,-1.0,-1.0,1.0,1.0,1.0,529,-0.19092627599243855,1.0919676823467747e-07,0.02154909652485286,0.05220881171337328,0.08712878287940438,0.1158720771436388,0.13281241689064888,529,0.05202057886085024,-0.040747513798087345,-0.008753853235289693,0.1702582482830117,0.26330565708598125,0.3072070994996192,0.31408690343066936,282,0.1529731347266185,,,,,,,,,,,,,,,,,,,,,,,,,,,
demos,demonstration_both_in_bin_interleaved_1_pink,/data3/extracted_data/both_in_bin_interleaved/demonstration_both_in_bin_interleaved_1_pink/deoxys_obs_cmd_history_both_in_bin_interleaved_1_pink.h5,607,2026-03-23T19:32:25.985524+00:00,31.277950048446655,19.374671263985075,1,1,1,1.0020631313323962,0.45506174604417754,0.0359738114760575,0.2629036121452059,1.3354034560419406,0.0,0.0,0.4382207578253707,0.0,[],0.0495915412902832,0.049800336360931396,0.05003511905670166,0.05027806758880615,0.050454115867614745,1.0044872760772705,606,0.051613778957832764,0.0495915412902832,0.04980010986328125,0.05003499984741211,0.05027694702148437,0.05044907569885254,0.051081180572509766,605,0.05003878144193287,8.490504803573864e-05,0.00766519163713718,0.04113119507357054,0.08653347288714609,0.10402364552499253,0.10978532241319137,605,0.04411103001464028,1.6759288172525997e-08,0.0035251608534661223,0.012122007439612273,0.017614940252595225,0.019683400678958088,0.020654148939203542,607,0.011322532344617912,0.0018312816903990762,0.0030735707662088076,0.010357890220760977,0.014229112863947591,0.015569589020237059,0.016091471931217977,605,0.009404802909739166,0.00010793969704536721,0.0005210126109886914,0.002116002142429352,0.004325163899920881,0.004931901209056377,0.015656566247344017,606,0.0022489510010927916,0.048894744366407394,0.049098968505859375,0.07987890392541885,0.07995638996362686,0.07996033132076263,0.07997477799654007,607,0.06674918350096197,-1.0,-1.0,-1.0,1.0,1.0,1.0,607,-0.12355848434925865,1.461960415344278e-07,0.020631626304359142,0.05277486468056393,0.08582006067416906,0.13748650233531126,0.15417434603306396,607,0.05270725554191977,-0.016419513646408406,3.5806097028090765e-06,0.1454317900221248,0.2852540677582778,0.31677586969990634,0.3507501679619215,291,0.1523374667117358,,,,,,,,,,,,,,,,,,,,,,,,,,,
demos,demonstration_both_in_bin_interleaved_20_blue,/data3/extracted_data/both_in_bin_interleaved/demonstration_both_in_bin_interleaved_20_blue/deoxys_obs_cmd_history_both_in_bin_interleaved_20_blue.h5,481,2026-03-23T20:26:38.459757+00:00,24.976701974868774,19.217909573608623,1,1,1,0.9989043235778795,0.45679066767446375,0.029362741762763097,0.26229207757377837,1.3010379428599967,0.0,0.0,0.40540540540540543,0.0,[],0.04810833930969238,0.04978773593902588,0.050040364265441895,0.05030888319015503,0.05046799898147583,1.0040998458862305,480,0.05203479578097661,0.04810833930969238,0.049787712097167966,0.05004000663757324,0.05030848979949951,0.050452141761779784,0.05393648147583008,479,0.05004718607303245,0.00014889665513983773,0.007001408106823089,0.05135409519444864,0.11812071768359286,0.13720547129662175,0.14553311873824776,479,0.054275479276088216,1.516992863909801e-08,0.0034725219479176876,0.010670041276326597,0.025233534477356837,0.02660910823349279,0.027112232992569617,481,0.012687206861938633,0.001944771761612544,0.003203294343144151,0.008501502966643733,0.01957936777441934,0.021428045332619834,0.02171416128332267,479,0.010281256961217445,0.0001222347200382501,0.0005005978251574561,0.00261839188169688,0.006001828657463193,0.006844237204641103,0.007269716821610928,480,0.0027739794459193945,0.048748962581157684,0.04887504503130913,0.07988481223583221,0.07995442301034927,0.07996177524328232,0.07996492832899094,481,0.06746617233740812,-1.0,-1.0,-1.0,1.0,1.0,1.0,481,-0.1891891891891892,9.86749528993142e-08,0.020366469005180722,0.05582779252207062,0.09671519454890921,0.12424596595036878,0.13018042696082593,481,0.05727208262813364,-0.08197114939880133,-0.03557625577836104,0.18532774060790086,0.27942046179659835,0.30887563605059454,0.3432912635144728,283,0.1652741217517262,,,,,,,,,,,,,,,,,,,,,,,,,,,
demos,demonstration_both_in_bin_interleaved_20_pink,/data3/extracted_data/both_in_bin_interleaved/demonstration_both_in_bin_interleaved_20_pink/deoxys_obs_cmd_history_both_in_bin_interleaved_20_pink.h5,570,2026-03-23T20:27:34.076132+00:00,29.42670464515686,19.336178034928142,1,1,1,1.0027822971343983,0.4578904266891169,0.03502980400421246,0.26683358254746303,1.3696173204782802,0.0,0.0,0.37719298245614036,0.0,[],0.047246694564819336,0.04980301856994629,0.05003190040588379,0.05029478073120117,0.050555448532104495,1.0036578178405762,569,0.05171652837461663,0.047246694564819336,0.049802958965301514,0.05003166198730469,0.05029397010803223,0.050552923679351804,0.05298256874084473,568,0.05004057540020473,0.00010351609160016058,0.0041167073046324346,0.05021399918885123,0.09194304954913236,0.10097754443861344,0.1144489108829089,568,0.04818346586073862,1.0650215929282803e-08,0.003746770057223058,0.012714774884467438,0.021447496965034514,0.023612633557454448,0.02457129746854401,570,0.011938995893343162,0.002027362867251177,0.003050789893023543,0.009990224685582815,0.016894391001327464,0.01918829574033346,0.019665139260973536,568,0.009790007134587397,5.845850319019519e-05,0.0003520318598020822,0.0025417895521968603,0.004605289828032256,0.005203037522733213,0.015737222507596016,569,0.0024548887740820646,0.048813316971063614,0.048913128674030304,0.07990123331546783,0.07995573431253433,0.07997018098831177,0.07997018098831177,570,0.06861523261718583,-1.0,-1.0,-1.0,1.0,1.0,1.0,570,-0.24561403508771928,1.4667797455417098e-07,0.01912105601904068,0.05068971688496215,0.09209837242332135,0.13234292080472557,0.15730301067050734,570,0.052263510448030716,-0.001755691625216829,0.00790804623971968,0.17973511532372988,0.28229623713518437,0.3094303586595571,0.3213102082306445,294,0.1697810928633308,,,,,,,,,,,,,,,,,,,,,,,,,,,
demos,demonstration_both_in_bin_interleaved_21_blue,/data3/extracted_data/both_in_bin_interleaved/demonstration_both_in_bin_interleaved_21_blue/deoxys_obs_cmd_history_both_in_bin_interleaved_21_blue.h5,535,2026-03-23T20:28:41.631065+00:00,27.676135540008545,19.294601272206197,1,1,1,1.001986169815062,0.4564106606374963,0.030368677468931078,0.2650891243351067,1.265539469951416,0.0,0.0,0.4261682242990654,0.0,[],0.046793460845947266,0.04980593919754028,0.05004012584686279,0.05030086040496826,0.05061102628707886,1.0035591125488281,534,0.051827969176045964,0.046793460845947266,0.049805641174316406,0.05004000663757324,0.05029792785644531,0.05057283401489258,0.053229570388793945,533,0.05004235727478371,0.0006164712381276848,0.005808768232004148,0.04689645601934253,0.08891479760839179,0.10999743007145188,0.12209965392406949,533,0.04744772125671356,1.4221972107522406e-08,0.004201934818256266,0.011979559111896049,0.020634114780630465,0.022317067977703137,0.022610277219185817,535,0.01184725608979251,0.0018023646743637817,0.003312985290544107,0.009612072041793259,0.016403147860579028,0.018018308657420656,0.01846030699711565,533,0.009707038539570322,0.00012979625898879021,0.0003974467355874367,0.002414093818515539,0.004521340038627386,0.005800877786241465,0.008942588232457638,534,0.0024451003409922123,0.0494200773537159,0.04946407303214073,0.0798959732055664,0.07995573431253433,0.07996755093336105,0.07996755093336105,535,0.0675761514386841,-1.0,-1.0,-1.0,1.0,1.0,1.0,535,-0.14766355140186915,5.7064641211857105e-08,0.019287177933323588,0.04913503360898945,0.0979722507722327,0.1231911633099309,0.13721969592184624,535,0.05278002355206933,-0.021952426032252073,-0.003140340788637416,0.17804859271015877,0.2675175197346813,0.2885114509693051,0.30264217755856554,337,0.1555425919657074,,,,,,,,,,,,,,,,,,,,,,,,,,,
demos,demonstration_both_in_bin_interleaved_21_pink,/data3/extracted_data/both_in_bin_interleaved/demonstration_both_in_bin_interleaved_21_pink/deoxys_obs_cmd_history_both_in_bin_interleaved_21_pink.h5,586,2026-03-23T20:30:46.616968+00:00,30.228065729141235,19.352875742758272,1,1,1,1.0043110847473131,0.45805867919341764,0.035917057108680595,0.26774083928315434,1.5284563539357383,0.0,0.0,0.3651877133105802,0.0,[],0.048146963119506836,0.049785423278808597,0.050034523010253906,0.050296688079833986,0.05058043479919433,1.0037150382995605,585,0.051671907229301255,0.048146963119506836,0.04978481531143188,0.050034523010253906,0.050296127796173096,0.05053369283676147,0.05212545394897461,584,0.05004169638842752,0.0009686487553228993,0.007557446913176479,0.05173471015594875,0.10148432274646099,0.11040196185186621,0.12593696116259595,584,0.05229980735276116,8.807710102108474e-09,0.003007758770778048,0.012790034692152721,0.022461852353420166,0.025378285322923546,0.02567730479482492,586,0.012930603689459664,0.0006439518690186298,0.0030628575330617813,0.010617130175698377,0.01824999484943304,0.020195389867915213,0.020934805339974057,584,0.010610580831367617,0.00024333270266652107,0.000594361498951912,0.002555393148213625,0.0051947058178484435,0.005744134429842233,0.006184352096170187,585,0.0026771787088364363,0.04859530180692673,0.04876718670129776,0.0799015611410141,0.07995638996362686,0.07996833883225918,0.07997280359268188,586,0.06871455013370555,-1.0,-1.0,-1.0,1.0,1.0,1.0,586,-0.2696245733788396,1.5277135819362057e-07,0.023703660360565693,0.04682850284034974,0.09139578307573105,0.11586936387769248,0.12431254346584102,586,0.051219687091526585,0.04671110701462953,0.07574227778562367,0.18388156398147962,0.3136639940280854,0.3392161487633655,0.3444593661689755,228,0.18350806301836,,,,,,,,,,,,,,,,,,,,,,,,,,,
demos,demonstration_both_in_bin_interleaved_22_blue,/data3/extracted_data/both_in_bin_interleaved/demonstration_both_in_bin_interleaved_22_blue/deoxys_obs_cmd_history_both_in_bin_interleaved_22_blue.h5,526,2026-03-23T20:31:47.789314+00:00,27.231573581695557,19.279091545150113,1,1,1,1.0123381614685045,0.45782909789455045,0.03588375668702639,0.2652814749064903,1.1576720539778778,0.0,0.0,0.41064638783269963,0.0,[],0.04265999794006348,0.04980320930480957,0.05003666877746582,0.05031633377075195,0.05139839172363281,1.0040338039398193,525,0.05186966396513439,0.04265999794006348,0.04980316162109375,0.05003654956817627,0.050313925743103026,0.05117918252944946,0.05738949775695801,524,0.05005255682777812,0.0002202211867052922,0.004079659372580143,0.044622714478349035,0.08385535555519268,0.09374319470568651,0.10321325644255941,524,0.04414655746016386,1.183983857231821e-08,0.004041836648393131,0.010651717051504965,0.02043945462752101,0.024277181337987095,0.025121408407611904,526,0.01181662751049128,0.00191094072855257,0.003093922935313921,0.009450115153299056,0.01720911180533013,0.0203447646795192,0.02107777457456203,524,0.009849155252656864,0.0002050437469733879,0.00033509614295326175,0.002229936420917511,0.00414923783391714,0.004598851352930069,0.008666889742016792,525,0.0022755342070013285,0.04888029769062996,0.049087803810834885,0.07989302277565002,0.0799550786614418,0.07996558398008347,0.07996558398008347,526,0.06754275092663874,-1.0,-1.0,-1.0,1.0,1.0,1.0,526,-0.17870722433460076,1.0799169826145524e-07,0.016508569975585093,0.0502168432064533,0.09255706329967484,0.13257959520222157,0.15443284652970854,526,0.05223885716525749,0.0005296368680449223,0.07495998561819935,0.17762279908008272,0.30798384197345985,0.34400614713623506,0.38402821393039943,184,0.1872663238787158,,,,,,,,,,,,,,,,,,,,,,,,,,,
demos,demonstration_both_in_bin_interleaved_22_pink,/data3/extracted_data/both_in_bin_interleaved/demonstration_both_in_bin_interleaved_22_pink/deoxys_obs_cmd_history_both_in_bin_interleaved_22_pink.h5,599,2026-03-23T20:32:58.504390+00:00,30.878172159194946,19.36643130678079,1,1,1,1.0035669326782213,0.4585860394194585,0.0313603130602283,0.26797926317110266,1.434828720988775,0.0,0.0,0.3722871452420701,0.0,[],0.04920148849487305,0.049798882007598876,0.05003237724304199,0.05027706623077392,0.05046875715255737,1.0052242279052734,598,0.05163573939664707,0.04920148849487305,0.049798774719238284,0.05003213882446289,0.05027680397033692,0.05044085502624512,0.05127286911010742,597,0.05003843874587885,0.0006097508675535856,0.006576268824750848,0.04573235393658665,0.09161180527114972,0.11447220342128585,0.14922163212406694,597,0.04803205157393274,2.5198852201248314e-09,0.004188387621691272,0.011657032602082193,0.02049054392991017,0.021643185078111464,0.022253687248522565,599,0.011760133242829133,0.0008457909638854687,0.0032260497676325113,0.009649217484033483,0.01651139449590788,0.01720451912479363,0.01815780657702777,597,0.009618909004273311,0.00029006219119764864,0.0005736724124290049,0.002252476057037711,0.004632943822070956,0.005722058289684354,0.009792749769985676,598,0.0024323915131390095,0.048687893897295,0.04879099130630493,0.07989925891160965,0.07995573431253433,0.07995770126581192,0.07995770126581192,599,0.06833663391872917,-1.0,-1.0,-1.0,1.0,1.0,1.0,599,-0.25542570951585974,7.008394028078072e-08,0.016335678268050158,0.04991315182467897,0.08396766127996456,0.09613727758151316,0.1016336864889084,599,0.04919306029770552,0.003726157220378924,0.08485813097936451,0.1866118031176767,0.28870318567533004,0.3237953256676584,0.3267715021201622,297,0.18351551821151038,,,,,,,,,,,,,,,,,,,,,,,,,,,
demos,demonstration_both_in_bin_interleaved_23_blue,/data3/extracted_data/both_in_bin_interleaved/demonstration_both_in_bin_interleaved_23_blue/deoxys_obs_cmd_history_both_in_bin_interleaved_23_blue.h5,548,2026-03-23T20:34:10.831462+00:00,28.324692010879517,19.311772208852165,1,1,1,0.9946158885955798,0.457891173403292,0.030853380112184626,0.26662574751123463,1.2070337803953337,0.0,0.0,0.40693430656934304,0.0,[],0.04902195930480957,0.04981715679168701,0.05003213882446289,0.05026242733001709,0.05047567844390869,1.0039169788360596,547,0.0517818866743684,0.04902195930480957,0.04981714487075806,0.05003201961517334,0.050260841846466064,0.05045580863952637,0.05165457725524902,546,0.0500380495092371,0.00022904863019169308,0.003924609043880244,0.039944095271478415,0.1017913495765442,0.11940321192829466,0.14206517117277598,546,0.044178825213165226,1.6174259430195474e-08,0.004242498505317341,0.009729047178177084,0.023539957766722262,0.027881739978431033,0.02886657343120734,548,0.01146305041716248,0.0002583821726282506,0.0030804588463906393,0.008566838982993194,0.01915444591177219,0.02227762393126098,0.023903215365516355,546,0.009484414301624637,6.897086859680712e-05,0.00031378277926705775,0.0020514829084277153,0.005119310319423675,0.005846085492521524,0.00739493640139699,547,0.0022738147526979446,0.048830389976501465,0.04886322468519211,0.07989860326051712,0.07996361702680588,0.0799754336476326,0.0799754336476326,548,0.0680515375940034,-1.0,-1.0,-1.0,1.0,1.0,1.0,548,-0.18613138686131386,7.041364953336218e-08,0.019060591985166284,0.044815138980563836,0.08416980447193986,0.10661913601050396,0.11514866839097755,548,0.04982269989908676,-0.06770594291179079,-0.020735701886820376,0.1424310491684062,0.3110954090985835,0.35215745104954177,0.3744535732543451,343,0.13498234731871245,,,,,,,,,,,,,,,,,,,,,,,,,,,
demos,demonstration_both_in_bin_interleaved_23_pink,/data3/extracted_data/both_in_bin_interleaved/demonstration_both_in_bin_interleaved_23_pink/deoxys_obs_cmd_history_both_in_bin_interleaved_23_pink.h5,556,2026-03-23T20:35:13.418881+00:00,28.729358196258545,19.318217838652526,1,1,1,1.0087697029113756,0.4588208627092504,0.03137477429685503,0.2638531666960153,1.3291488013495258,0.0,0.0,0.37410071942446044,0.0,[],0.04353165626525879,0.04979374408721924,0.050035715103149414,0.05029098987579346,0.05057417869567871,1.0037517547607422,555,0.05176460936262801,0.04353165626525879,0.049793708324432376,0.05003547668457031,0.05028457641601562,0.050518026351928716,0.056365013122558594,554,0.05004622101353394,0.00010225881542270074,0.0035829490354360484,0.05342510678121415,0.0857951332968943,0.09306803244150808,0.10403742969929258,554,0.047938491859699485,1.371393200571391e-08,0.004834678647751396,0.012644198322881942,0.021021255155905545,0.021892721681475567,0.022228604146130714,556,0.012648933314695415,0.0009380588846868974,0.0044935341346763755,0.01001713643646197,0.017063447642034508,0.017598766222249936,0.018006050827636597,554,0.010545391157301388,0.00011472632468212396,0.0003740272513823584,0.002617875812575221,0.004391965316608548,0.004893469661474229,0.010202014818787575,555,0.002453154418617487,0.04879755526781082,0.04891050234436989,0.07989663630723953,0.07995704561471939,0.07996952533721924,0.0799708366394043,556,0.0684797640474473,-1.0,-1.0,-1.0,1.0,1.0,1.0,556,-0.2517985611510791,5.2633545377064833e-08,0.02072339043367165,0.04896591114038265,0.09972570311475296,0.12006919473739248,0.1336378076793767,556,0.05535159801619027,-0.04010135083651997,0.006502428332441023,0.17016107629460064,0.2652609326206016,0.3136074765996208,0.32259746037276704,244,0.16286685070036508,,,,,,,,,,,,,,,,,,,,,,,,,,,
demos,demonstration_both_in_bin_interleaved_24_blue,/data3/extracted_data/both_in_bin_interleaved/demonstration_both_in_bin_interleaved_24_blue/deoxys_obs_cmd_history_both_in_bin_interleaved_24_blue.h5,518,2026-03-23T20:36:39.621334+00:00,26.82216501235962,19.27510324993404,1,1,1,0.9965858936309802,0.45775714204371865,0.0320571921093761,0.26276625534054293,1.2127100996884652,0.0,0.0,0.40540540540540543,0.0,[],0.049469947814941406,0.049779415130615234,0.05002927780151367,0.05028624534606933,0.0505250072479248,1.0035881996154785,517,0.05188039654228166,0.049469947814941406,0.04977935552597046,0.05002915859222412,0.05028194189071655,0.05051200389862061,0.050612449645996094,516,0.050036001575085545,6.360100398317359e-05,0.005292893290414928,0.04527429739867821,0.09988718450144991,0.11296620863745488,0.13310529847335936,516,0.04697095212256092,1.3674740754787525e-08,0.004438286532163445,0.010258823964901149,0.022884990908445407,0.024306547439082275,0.024934012780570072,518,0.012264070310954958,0.0029958982416551966,0.00426946256273859,0.008902524162641184,0.017860028483156706,0.019469197391328016,0.020091938972964535,516,0.010193124299947776,0.0001114375118049793,0.00038763371994718907,0.002308507915586233,0.005177727807313203,0.005768728498369454,0.007102513685822487,517,0.002430238528177142,0.04854211211204529,0.048765379935503006,0.07989729195833206,0.07995573431253433,0.07996755093336105,0.07996755093336105,518,0.06792200082718866,-1.0,-1.0,-1.0,1.0,1.0,1.0,518,-0.1891891891891892,7.492605940188179e-08,0.01797863066365574,0.0569064460869915,0.10116817705653239,0.11532780268709912,0.13144044238071984,518,0.05676189615261516,-0.050243970433510296,-0.008460601758801848,0.16593930883144042,0.28231122147698773,0.30222143942137514,0.3314796337588933,279,0.15794739514412953,,,,,,,,,,,,,,,,,,,,,,,,,,,
demos,demonstration_both_in_bin_interleaved_24_pink,/data3/extracted_data/both_in_bin_interleaved/demonstration_both_in_bin_interleaved_24_pink/deoxys_obs_cmd_history_both_in_bin_interleaved_24_pink.h5,613,2026-03-23T20:38:55.459410+00:00,31.575257062911987,19.38226500517868,1,1,1,1.0000688076019273,0.45873122723359855,0.027904872998861508,0.2666849642524137,1.407188728628527,0.0,0.0,0.3083197389885807,0.0,[],0.04715895652770996,0.049811017513275144,0.05003464221954346,0.050260329246521,0.050346219539642335,1.0037600994110107,612,0.05159355729233985,0.04715895652770996,0.04981100559234619,0.050034523010253906,0.05025815963745117,0.05034127235412598,0.05282187461853027,611,0.05003518324631911,0.0005163945105824329,0.004853566426094254,0.047249143090985934,0.08850365506682362,0.10230367512512539,0.10630603736326391,611,0.0460284236648898,1.6369170963110756e-08,0.0030709687999628675,0.011533804738804344,0.02086143615220483,0.022168359347457908,0.022733255671179405,613,0.011809455513990291,0.0010265079547200106,0.0029523368837075614,0.009540957007673883,0.01681957959065622,0.017528710528244718,0.018621397767783276,611,0.009753885985046375,7.886571256676689e-05,0.0004648831280064769,0.0023364389780908823,0.004495813674293458,0.005055908616632222,0.011980969458818436,612,0.0023329409305006266,0.04879821464419365,0.04882579296827316,0.07990123331546783,0.07995638996362686,0.07996952533721924,0.07997477799654007,613,0.07103724462294657,-1.0,-1.0,-1.0,1.0,1.0,1.0,613,-0.3833605220228385,3.7118395781848006e-09,0.02263443080635928,0.04974396516371532,0.08464381875535831,0.10015516900566068,0.10534798806896056,613,0.04985880579436935,0.014915175619914248,0.13060348774541192,0.1806001127827725,0.2805220125846439,0.3117798088062746,0.36309338273757097,286,0.18904559920694639,,,,,,,,,,,,,,,,,,,,,,,,,,,
demos,demonstration_both_in_bin_interleaved_2_blue,/data3/extracted_data/both_in_bin_interleaved/demonstration_both_in_bin_interleaved_2_blue/deoxys_obs_cmd_history_both_in_bin_interleaved_2_blue.h5,597,2026-03-23T19:33:41.206629+00:00,30.77581286430359,19.365857292799294,1,1,1,1.0017865180969225,0.45532949201796175,0.03384179859736045,0.26169159091763877,1.3674112741543576,0.0,0.0,0.38190954773869346,0.0,[],0.04848527908325195,0.04978913068771362,0.05003464221954346,0.05030161142349243,0.050407898426055905,1.0037860870361328,596,0.05163726990654965,0.04848527908325195,0.04978907108306885,0.050034523010253906,0.05029621124267578,0.050404748916625976,0.05160403251647949,595,0.050037019793726815,7.465523796589654e-05,0.005966214028872669,0.042401281533620355,0.09339806369257286,0.13223671476595159,0.14546444074364254,595,0.04592792245641428,1.6981245279075975e-08,0.0038788832976123233,0.01040849692043179,0.021184895180713044,0.022632114307921933,0.023744214735236302,597,0.011490717801345616,0.0015243240159910868,0.00326780577696305,0.008823182741967403,0.017017415748668965,0.01777857964911839,0.01829542611462451,595,0.00949973223667982,1.4624052710132673e-05,0.00043451246892800555,0.0022199818631634116,0.005005218321457505,0.006333836051635443,0.007832994684576988,596,0.002357203746214509,0.04852963611483574,0.04859858751296997,0.07989991456270218,0.07995573431253433,0.07997346669435501,0.07997346669435501,597,0.0683339423370521,-1.0,-1.0,-1.0,1.0,1.0,1.0,597,-0.23618090452261306,7.842984795240374e-08,0.022182605702715134,0.051578299070969766,0.09769346047275217,0.12944933606746528,0.16478033055544467,597,0.05624676952052155,-0.001058689953001492,0.011223980354254984,0.16880585324702163,0.2983685436307649,0.3324190569572166,0.3746986869490967,306,0.16128437682331526,,,,,,,,,,,,,,,,,,,,,,,,,,,
demos,demonstration_both_in_bin_interleaved_2_pink,/data3/extracted_data/both_in_bin_interleaved/demonstration_both_in_bin_interleaved_2_pink/deoxys_obs_cmd_history_both_in_bin_interleaved_2_pink.h5,672,2026-03-23T19:34:39.801147+00:00,34.529799461364746,19.432490500003603,1,1,1,1.004412746429442,0.4575274837523297,0.02991958316264816,0.26343121801115094,1.3198783795297087,0.0,0.0,0.35714285714285715,0.0,[],0.0496370792388916,0.04981184005737305,0.0500335693359375,0.0502934455871582,0.05040695667266846,1.004197359085083,671,0.051460207841080095,0.0496370792388916,0.049811697006225585,0.0500330924987793,0.05029230117797852,0.05039963960647583,0.050581932067871094,670,0.05003821209295472,0.0006356531738967822,0.00920382241075358,0.040042059996627605,0.06792835917322064,0.1000773407511228,0.1144160744135421,670,0.039367751599907616,5.723749263360063e-09,0.0029452312309224253,0.011079839231580204,0.017580420431469495,0.018410071068194696,0.018980609734129537,672,0.01086926164504893,0.0005575531305773084,0.0022073128629407136,0.00957396113693298,0.01504281978134718,0.016005117333644125,0.016888287108085126,670,0.009256831140994777,7.982241368154064e-05,0.0005385107651818544,0.0020574918016791344,0.003358597634360194,0.004914826946333043,0.005613148678094149,671,0.0019930745474994183,0.049063507467508316,0.04910750314593315,0.07990057021379471,0.07995770126581192,0.0799592101573944,0.0799596756696701,672,0.06891554849044908,-1.0,-1.0,-1.0,1.0,1.0,1.0,672,-0.2857142857142857,5.2163140250751286e-08,0.023622195347498532,0.04582765696030544,0.0763059378017567,0.11262345519977697,0.14469051905950026,672,0.04856083610251869,0.012448502142832166,0.03840271869440247,0.16068644318041206,0.2434275051249662,0.28009328511399806,0.3151897185684956,194,0.15819784732585712,,,,,,,,,,,,,,,,,,,,,,,,,,,
demos,demonstration_both_in_bin_interleaved_3_blue,/data3/extracted_data/both_in_bin_interleaved/demonstration_both_in_bin_interleaved_3_blue/deoxys_obs_cmd_history_both_in_bin_interleaved_3_blue.h5,526,2026-03-23T19:35:48.490110+00:00,27.226017475128174,19.283025895344558,1,1,1,0.9978374481201157,0.4565765559190712,0.0325835341334323,0.2634058862937255,1.2328585228754145,0.0,0.0,0.4049429657794677,0.0,[],0.04855632781982422,0.049811697006225585,0.05003762245178223,0.05027680397033692,0.05070380210876464,1.003643274307251,525,0.051859080905006044,0.04855632781982422,0.049811375141143796,0.050037503242492676,0.05027303695678711,0.05044978141784668,0.05155038833618164,524,0.05004269885652848,0.00014158664452818578,0.009453894008049255,0.047738509115208716,0.08154229132076514,0.10252533517916644,0.1305704596009979,524,0.047014745254681696,3.0360767848305258e-09,0.005226958717073278,0.011752953457116733,0.019100089517663475,0.019972324393891863,0.020386226420214763,526,0.011991166568882723,0.002083901699633707,0.004011702689094059,0.009642718801681313,0.015674451154831195,0.016523631718568264,0.017115745984286307,524,0.009846790513963128,0.00012982802581973374,0.000621835479978472,0.0023608498740941286,0.004298688191920516,0.005298801679164171,0.009547020308673382,525,0.0024031216744333506,0.04876275360584259,0.04879099130630493,0.07989335060119629,0.07995638996362686,0.07996853813529015,0.0799708366394043,526,0.06756085706272733,-1.0,-1.0,-1.0,1.0,1.0,1.0,526,-0.19011406844106463,7.65723964793371e-08,0.017224774574733037,0.044072888115317455,0.08259470212666285,0.12389657154286604,0.15253055840935428,526,0.04686624042805329,-0.00035778359084432597,0.11273717273587883,0.18162440545417197,0.34384182990890094,0.37341276343263896,0.3850367860755906,153,0.20645474896525962,,,,,,,,,,,,,,,,,,,,,,,,,,,
demos,demonstration_both_in_bin_interleaved_3_pink,/data3/extracted_data/both_in_bin_interleaved/demonstration_both_in_bin_interleaved_3_pink/deoxys_obs_cmd_history_both_in_bin_interleaved_3_pink.h5,525,2026-03-23T19:41:08.585658+00:00,27.173025608062744,19.283829764048043,1,1,1,0.9930686473846421,0.45774231821163136,0.03416505706572853,0.26472012019333757,1.331649946759843,0.0,0.0,0.3980952380952381,0.0,[],0.049538373947143555,0.04980798959732056,0.0500340461730957,0.0502791166305542,0.05043595552444458,1.0039935111999512,524,0.05185691909935638,0.049538373947143555,0.04980776309967041,0.0500338077545166,0.050268125534057614,0.050425176620483396,0.050540924072265625,523,0.05003639024256748,7.414566490676176e-05,0.011531188435098962,0.0529581570937312,0.08050117979884153,0.09780089633485888,0.12093102252612924,523,0.05088644358700802,1.6746291533367098e-08,0.005034301572746917,0.013695557466019487,0.019692850510797014,0.020052500548752218,0.02037368208198658,525,0.012993920253623127,0.00215422899200391,0.004270546327646181,0.010783370767570528,0.016248126872301715,0.016967550092992122,0.017746877531687126,523,0.010699249208368556,9.027714986586943e-05,0.0007052971224766225,0.00269660959020257,0.004180778074078261,0.004985625972039996,0.006599597632884979,524,0.0026038442738354206,0.04876143857836723,0.0487857349216938,0.07989466190338135,0.07995442301034927,0.07995902001857758,0.07995902001857758,525,0.06764634273591495,-1.0,-1.0,-1.0,1.0,1.0,1.0,525,-0.2038095238095238,8.372710031383538e-08,0.02648991166526748,0.0474831238627196,0.08805294049399891,0.10566745130412068,0.11838354969493314,525,0.05124923111340237,-0.03527010587402391,0.031671726606948954,0.1755366387510437,0.25863950886657777,0.2847793290928119,0.3088462545281871,240,0.17000395966666215,,,,,,,,,,,,,,,,,,,,,,,,,,,
demos,demonstration_both_in_bin_interleaved_4_blue,/data3/extracted_data/both_in_bin_interleaved/demonstration_both_in_bin_interleaved_4_blue/deoxys_obs_cmd_history_both_in_bin_interleaved_4_blue.h5,578,2026-03-23T19:42:22.103210+00:00,29.825324296951294,19.34597573039567,1,1,1,0.9983294486999499,0.4600197940677749,0.030935602629057028,0.2665931951144212,1.281307435167925,0.0,0.0,0.4134948096885813,0.0,[],0.04917454719543457,0.04981021881103516,0.05004310607910156,0.0502591609954834,0.050392227172851564,1.003810167312622,577,0.051690336736484044,0.04917454719543457,0.04981011152267456,0.05004286766052246,0.05025827884674072,0.05038172006607056,0.05087399482727051,576,0.050037350919511586,0.0003813343867044702,0.005436387662544374,0.04474525984367153,0.08412490355352903,0.09384629874898297,0.11090130698238851,576,0.044457147445502505,7.693565051454394e-09,0.0034803179116777204,0.01092978220820856,0.019293291485369988,0.021776546140031137,0.02271414656397165,578,0.011208006695316677,0.0016913986390248487,0.0031380761076216885,0.008979710341968513,0.015640617448961634,0.01799044603389341,0.018903553316006908,576,0.009300423296901596,0.0001367046352243051,0.0004057244106661528,0.002298483159393072,0.004165740124881265,0.00489840392023325,0.005386278033256531,577,0.0022748219780623913,0.04853685945272446,0.048595961183309555,0.07989203929901123,0.07995573431253433,0.07995835691690445,0.07995835691690445,578,0.06730314240400972,-1.0,-1.0,-1.0,1.0,1.0,1.0,578,-0.17301038062283736,6.732637464943806e-08,0.020508033657865177,0.06162900944264316,0.09497651772691379,0.12983619838528473,0.1491435557993218,578,0.058767024969054456,-0.05502536032615344,-0.02145082312870574,0.16233350622349096,0.2851956734920758,0.3244226468297769,0.3874784583990422,306,0.15785109417057222,,,,,,,,,,,,,,,,,,,,,,,,,,,
demos,demonstration_both_in_bin_interleaved_4_pink,/data3/extracted_data/both_in_bin_interleaved/demonstration_both_in_bin_interleaved_4_pink/deoxys_obs_cmd_history_both_in_bin_interleaved_4_pink.h5,615,2026-03-23T19:43:24.352146+00:00,31.67735266685486,19.382932862393204,1,1,1,1.000352287292479,0.4569400200584503,0.02748606095253833,0.2662113463293438,1.3241114872877355,0.0,0.0,0.3967479674796748,0.0,[],0.049379825592041016,0.04981373548507691,0.05003225803375244,0.0502776026725769,0.050375802516937254,1.003882646560669,614,0.051591779587711495,0.049379825592041016,0.049813699722290036,0.05003213882446289,0.05027537345886231,0.05035676956176758,0.050852060317993164,613,0.05003828714566752,0.0,0.009946529429375258,0.04167348862144606,0.08212889156805765,0.09397421882149683,0.10396589943150517,613,0.04316597429702412,1.5237046890840364e-08,0.0034297391211045632,0.011324190577505975,0.021115614210119118,0.023269338721287055,0.023944475447138073,615,0.011367574938889596,0.0014523859373307198,0.00271527760846142,0.009407701893271687,0.01769916244324424,0.019718066244377004,0.020512236778699157,613,0.009511107275026492,5.6191875046351925e-05,0.0006499740906292572,0.0020953614730387926,0.003964364784769715,0.004436617195606232,0.0047577447257936,614,0.0021755401976406574,0.04834182932972908,0.048765379935503006,0.07989794760942459,0.07995704561471939,0.07997149229049683,0.07997346669435501,615,0.06771372680862744,-1.0,-1.0,-1.0,1.0,1.0,1.0,615,-0.20650406504065041,2.1298211700925982e-08,0.024693100320517927,0.051834165560543106,0.08815960198790747,0.11780886791009096,0.13447166784329,615,0.05407565740357553,0.0006130349010249671,0.04775706931589756,0.169758876609211,0.2945723084339445,0.31308841332085974,0.3150660319116906,191,0.1695227392835468,,,,,,,,,,,,,,,,,,,,,,,,,,,
demos,demonstration_both_in_bin_interleaved_5_blue,/data3/extracted_data/both_in_bin_interleaved/demonstration_both_in_bin_interleaved_5_blue/deoxys_obs_cmd_history_both_in_bin_interleaved_5_blue.h5,543,2026-03-23T19:44:27.739510+00:00,28.07671332359314,19.304253804684183,1,1,1,1.0147282600402818,0.4584530868840016,0.027798038170495556,0.2679942109131069,1.2325376486901272,0.0,0.0,0.37937384898710863,0.0,[],0.04500937461853027,0.049769043922424316,0.05003547668457031,0.05032690763473511,0.051531138420105,1.0038089752197266,542,0.05180205410257037,0.04500937461853027,0.04976844787597656,0.05003523826599121,0.0503239631652832,0.05115566253662109,0.05510401725769043,541,0.05004233705799152,0.0017201045737116917,0.010328506247539828,0.0445645497166521,0.08073479193611831,0.10499022236276286,0.13794358727881023,541,0.045526664893459454,1.427097370897514e-08,0.003556011747936923,0.0114718810065769,0.019352805852852793,0.021769625989251005,0.02242765104020957,543,0.011505566790037542,0.0013582352443469896,0.0030697257102350745,0.009920218590442644,0.016477920990166064,0.01806748272738324,0.018697513832956137,541,0.009471831105873423,0.00017810497956816107,0.0005352547304937616,0.002267459174618125,0.0042898717336356616,0.005308678215369588,0.008595475926995277,542,0.002318726619705558,0.04890787601470947,0.04910225048661232,0.07989860326051712,0.07995573431253433,0.07997280359268188,0.07997280359268188,543,0.06834714999679703,-1.0,-1.0,-1.0,1.0,1.0,1.0,543,-0.24125230202578268,7.601580127461205e-09,0.018745920229361987,0.0540434780099052,0.10788986198278112,0.14453884637391642,0.1760228031104161,543,0.05606873073655863,0.0007040644290018538,0.041899248115893184,0.18198546295755227,0.3550484560778491,0.37308425491389385,0.40078949384500084,225,0.18778441596873702,,,,,,,,,,,,,,,,,,,,,,,,,,,
demos,demonstration_both_in_bin_interleaved_5_pink,/data3/extracted_data/both_in_bin_interleaved/demonstration_both_in_bin_interleaved_5_pink/deoxys_obs_cmd_history_both_in_bin_interleaved_5_pink.h5,615,2026-03-23T19:45:22.248733+00:00,31.678765058517456,19.38206867805013,1,1,1,1.0008380413055404,0.4580649700171674,0.030160387625164535,0.266143003703299,1.3218714288567204,0.0,0.0,0.37398373983739835,0.0,[],0.04872608184814453,0.04981251955032349,0.050037503242492676,0.05025579929351807,0.050383176803588864,1.0038487911224365,614,0.051594079899865565,0.04872608184814453,0.04981241226196289,0.050037384033203125,0.05025515556335449,0.050375938415527344,0.05147838592529297,613,0.05004064643946985,0.0008482819837126652,0.013846524978480858,0.04426414705810407,0.06903210151302307,0.10027761052493481,0.12460025443949344,613,0.04309157952835976,1.0110999327250231e-08,0.004967777647963918,0.011510747356400503,0.018040132029883783,0.01926545746449111,0.020084327211206187,615,0.011548896302586082,0.003270608935371896,0.004109070584550796,0.009303804128891844,0.015146741897043903,0.01629703879364702,0.017270464668072225,613,0.009636236311103477,0.00030293813324533403,0.0007658607297344133,0.0022200921084731817,0.003417148324660957,0.005334874135442079,0.0060746013186872005,614,0.0021867069881409407,0.04887832701206207,0.04909437149763107,0.07990123331546783,0.07995704561471939,0.07996558398008347,0.07997412234544754,615,0.06855318124095598,-1.0,-1.0,-1.0,1.0,1.0,1.0,615,-0.25203252032520324,5.130286891917539e-08,0.020229321777014,0.05823770741722641,0.09155575125822783,0.1161602862738673,0.12248312252821732,615,0.057531838209966914,0.0025161853071989275,0.08463790128961889,0.1505780960292352,0.27612842054474346,0.2899710094529436,0.3052454031470434,281,0.1614166380876365,,,,,,,,,,,,,,,,,,,,,,,,,,,
demos,demonstration_both_in_bin_interleaved_6_blue,/data3/extracted_data/both_in_bin_interleaved/demonstration_both_in_bin_interleaved_6_blue/deoxys_obs_cmd_history_both_in_bin_interleaved_6_blue.h5,587,2026-03-23T19:46:28.871756+00:00,30.278385400772095,19.35374004404664,1,1,1,1.0053427696228012,0.46070595290891597,0.031535758484691104,0.26800989866097635,1.1857730210794846,0.0,0.0,0.41056218057921634,0.0,[],0.04735517501831055,0.04978567361831665,0.050037264823913574,0.05028718709945679,0.050486981868743896,1.0036776065826416,586,0.05166959966002064,0.04735517501831055,0.04978556632995605,0.05003714561462402,0.05028610229492188,0.0504511547088623,0.052927255630493164,585,0.050042235545622996,0.0,0.005717156233020551,0.03981346902693927,0.07227705821067838,0.07894590706354256,0.08512858326176544,585,0.0405063970689397,1.311292200163115e-08,0.003779510230415945,0.011640434260253666,0.01805761265564998,0.02148153953034389,0.022202717475893426,587,0.011446237945394528,0.00257700002960734,0.0033131383955593507,0.00987875108062684,0.015200295645493116,0.01787607311156106,0.019139785934514795,585,0.009651747931627553,0.00012217386392876506,0.00039814058982301503,0.00203692470677197,0.0036186104989610612,0.004184380499646067,0.009911461733281612,586,0.002075389726087451,0.04876406490802765,0.048836298286914825,0.07989663630723953,0.07995573431253433,0.07996886968612671,0.07996886968612671,587,0.06755429932140004,-1.0,-1.0,-1.0,1.0,1.0,1.0,587,-0.1788756388415673,1.0123640867388372e-07,0.018209139389806294,0.05067139770488291,0.0926492431370985,0.10178886633999196,0.10625699420028727,587,0.053603777170153306,0.0,0.06647162829625597,0.16656483141753428,0.30771725830580304,0.3334477400676713,0.34213522973958077,157,0.17578963749903986,,,,,,,,,,,,,,,,,,,,,,,,,,,
demos,demonstration_both_in_bin_interleaved_6_pink,/data3/extracted_data/both_in_bin_interleaved/demonstration_both_in_bin_interleaved_6_pink/deoxys_obs_cmd_history_both_in_bin_interleaved_6_pink.h5,572,2026-03-23T19:48:26.316637+00:00,29.534961462020874,19.33301997817912,1,1,1,1.0062639713287342,0.4579203016443586,0.03487476617881134,0.2633818603319094,1.3575705110165077,0.0,0.0,0.3793706293706294,0.0,[],0.04770660400390625,0.049816250801086426,0.05003547668457031,0.05027902126312256,0.050792956352233846,1.0037617683410645,571,0.05172497629075459,0.04770660400390625,0.049816238880157473,0.05003535747528076,0.050276541709899904,0.05051578760147095,0.053693294525146484,570,0.05005473630470142,0.0,0.009281112497746002,0.04691648096547121,0.0906159916986793,0.11634525852976632,0.1373443350471753,570,0.04757938728978944,1.3979749056696868e-08,0.004452432958655434,0.01183489826385271,0.019955974275408378,0.02242949765949654,0.023409130615753528,572,0.012338147301058094,0.002440269926430175,0.0038125899111537366,0.010489736446501198,0.016378770228504015,0.018407300790472418,0.02259918395014992,570,0.010275169718295599,9.021043661050498e-05,0.0005949750484433025,0.0023423691745847464,0.0044550164602696896,0.0054764158558100375,0.02260081097483635,571,0.0024146963842213154,0.048471849411726,0.0485742911696434,0.07989663630723953,0.07995638996362686,0.07996886968612671,0.07996886968612671,572,0.06809107235704477,-1.0,-1.0,-1.0,1.0,1.0,1.0,572,-0.24125874125874125,7.34601278844098e-08,0.028370838805831345,0.056676129234783004,0.09326992506905724,0.1160917933202063,0.15229147821785138,572,0.058138652191399506,0.0,0.07130071959912795,0.1647774989085727,0.26066112794944873,0.30429240995007506,0.3764141950205519,245,0.17052306463989628,,,,,,,,,,,,,,,,,,,,,,,,,,,
demos,demonstration_both_in_bin_interleaved_7_blue,/data3/extracted_data/both_in_bin_interleaved/demonstration_both_in_bin_interleaved_7_blue/deoxys_obs_cmd_history_both_in_bin_interleaved_7_blue.h5,504,2026-03-23T19:49:33.210451+00:00,26.130220413208008,19.24974194805296,1,1,1,1.0109319686889635,0.45576845324098186,0.030028204363646928,0.264766483420345,1.1810726384621777,0.0,0.0,0.42857142857142855,0.0,[],0.04556083679199219,0.049787139892578124,0.05003833770751953,0.05032680034637451,0.051746826171875,1.004342794418335,503,0.05194874833639763,0.04556083679199219,0.04978709220886231,0.05003821849822998,0.05032217502593994,0.05171700239181519,0.054506778717041016,502,0.05005154904141369,6.313438181759003e-05,0.005690852271777006,0.04762586299754115,0.08952336969891919,0.10001247587233789,0.12436811860330385,502,0.047007326283492586,1.282928157388714e-08,0.002177392979885474,0.011219103230381902,0.020316057737539372,0.0256877999718012,0.025967341610687526,504,0.01161581344112735,0.0010268270812747286,0.001987326243207523,0.00913665364825097,0.016261957760372595,0.020873344518767503,0.02195656472516569,502,0.009540440737062011,6.79960212437436e-05,0.0004277675005141646,0.0024476253893226385,0.0046676655765622846,0.005103629101067782,0.0054824817925691605,503,0.0024270107969641685,0.04856903851032257,0.04864061251282692,0.07988711073994637,0.07995375990867615,0.07995573431253433,0.07995638996362686,504,0.06709957302414946,-1.0,-1.0,-1.0,1.0,1.0,1.0,504,-0.14285714285714285,2.1199961397460078e-08,0.018900440576544938,0.055742590704049313,0.0812172179879081,0.09362777728678391,0.10371658461862784,504,0.05323373615270719,-0.003669466763565284,0.09220567719537738,0.17942920200158458,0.2833758359908307,0.3031845209475098,0.3090746235588541,223,0.17883645631191925,,,,,,,,,,,,,,,,,,,,,,,,,,,
demos,demonstration_both_in_bin_interleaved_7_pink,/data3/extracted_data/both_in_bin_interleaved/demonstration_both_in_bin_interleaved_7_pink/deoxys_obs_cmd_history_both_in_bin_interleaved_7_pink.h5,530,2026-03-23T19:50:34.952601+00:00,27.42750096321106,19.287211062705133,1,1,1,1.0144058704376206,0.4585095456682211,0.029797502453025704,0.2647354575074879,1.257461014720252,0.0,0.0,0.4188679245283019,0.0,[],0.04575848579406738,0.0497556209564209,0.05003666877746582,0.05032272338867187,0.0514156723022461,1.0043792724609375,529,0.05184782790777138,0.04575848579406738,0.04975534677505493,0.05003643035888672,0.05031633377075195,0.05128085374832154,0.054581642150878906,528,0.05004379108096614,0.0,0.0041193399715737196,0.047796657875552075,0.08721394350892736,0.10328792142270984,0.12161202824903014,528,0.04759186200521804,1.142833480923965e-08,0.004229113728828118,0.012252469046853415,0.02146068535397397,0.023338948212822605,0.02413751831688067,530,0.012389002444225299,0.0018294239560448986,0.0038618798467035483,0.010017646398923729,0.017161065039118944,0.01889668975861223,0.019874253537124086,528,0.010283890210672548,7.15992136974819e-05,0.0003051266190595925,0.002382695907726884,0.004288872331380843,0.0051476465724408635,0.015237841755151749,529,0.002404400845989585,0.048567723482847214,0.04874794632196426,0.07988415658473969,0.07995704561471939,0.07996079683303833,0.07996098697185516,530,0.06714985850706415,-1.0,-1.0,-1.0,1.0,1.0,1.0,530,-0.16226415094339622,7.339338477089521e-08,0.017800735584223685,0.04891278049735144,0.08299801363580847,0.10063930545504486,0.10644474703855906,530,0.049804793415407105,0.0,0.08731538721697246,0.18370455955925039,0.26431146002766076,0.2963267504359912,0.30123847018673344,209,0.17769260996708958,,,,,,,,,,,,,,,,,,,,,,,,,,,
demos,demonstration_both_in_bin_interleaved_8_blue,/data3/extracted_data/both_in_bin_interleaved/demonstration_both_in_bin_interleaved_8_blue/deoxys_obs_cmd_history_both_in_bin_interleaved_8_blue.h5,563,2026-03-23T19:51:39.468406+00:00,29.077054500579834,19.327954968368374,1,1,1,1.0096179008483872,0.45850873063943004,0.028158932406700834,0.26627446696206486,1.2731044969437793,0.0,0.0,0.3996447602131439,0.0,[],0.04484295845031738,0.04979232549667358,0.05003678798675537,0.050291264057159425,0.050831353664398185,1.0039970874786377,562,0.05173853113982177,0.04484295845031738,0.04979205131530762,0.05003666877746582,0.050290584564208984,0.050612020492553714,0.05540299415588379,561,0.05004110055811265,0.00010086611826792247,0.007782060221956018,0.043029396445117656,0.0868619404861133,0.10961035643271458,0.1351520394581089,561,0.04534842908160493,1.4778481328576613e-08,0.004767212670153995,0.010664579511228504,0.019626053209432916,0.021111167170501544,0.02199021320062475,563,0.011632627022450952,0.001203999662058641,0.0036250545344516626,0.00944066579362634,0.015609375909420787,0.016425198055813692,0.017422737326603165,561,0.00961813180783863,0.00018073931278195232,0.00039575347764184696,0.0022234144853428006,0.004402064415626227,0.005606414200738072,0.012212795205414295,562,0.0023135081864893436,0.04885271564126015,0.04889034517109394,0.0798959732055664,0.07995573431253433,0.07996558398008347,0.07996558398008347,563,0.06774327783559186,-1.0,-1.0,-1.0,1.0,1.0,1.0,563,-0.20071047957371227,8.480187634893434e-08,0.025631927571823095,0.061467830961449504,0.09267464303482485,0.11015821338532827,0.12864163619484756,563,0.05931668100498761,-0.00423090152958015,0.019570713117266016,0.17384319312554086,0.3154902641295505,0.38314486613121074,0.40902319809497795,257,0.1688046464041489,,,,,,,,,,,,,,,,,,,,,,,,,,,
demos,demonstration_both_in_bin_interleaved_8_pink,/data3/extracted_data/both_in_bin_interleaved/demonstration_both_in_bin_interleaved_8_pink/deoxys_obs_cmd_history_both_in_bin_interleaved_8_pink.h5,540,2026-03-23T19:52:39.393335+00:00,27.930325031280518,19.29802103614433,1,1,1,1.0159416198730455,0.45834254204251185,0.031160776749871392,0.26579960159588467,1.3494866490827049,0.0,0.0,0.3685185185185185,0.0,[],0.03993678092956543,0.04979546070098877,0.05003523826599121,0.05031795501708984,0.05097213745117188,1.0047259330749512,539,0.05181878484467629,0.03993678092956543,0.04979537725448609,0.05003523826599121,0.05031735897064209,0.050804264545440674,0.06008338928222656,538,0.050047581966924846,0.0009858455497184617,0.011245900945414571,0.0484825771912963,0.09375003274949152,0.10049181160338595,0.113890333052996,538,0.0501176854202332,1.4408485874854709e-08,0.004684158564075836,0.012669999258455161,0.02119582887899634,0.024329118625786777,0.024514610425658757,540,0.012317877083853547,0.0032057094554903062,0.003901698407810932,0.010104554281883449,0.016804050781731947,0.019631694493322388,0.020345231658934114,538,0.010069257548526996,0.00022183898545335978,0.0006741804769262672,0.0024205336812883615,0.004622712032869458,0.005042155245319009,0.01511029526591301,539,0.0025556490290910006,0.04884352162480354,0.0488789826631546,0.07989925891160965,0.07995573431253433,0.07996229827404022,0.07996558398008347,540,0.0684326608216873,-1.0,-1.0,-1.0,1.0,1.0,1.0,540,-0.26296296296296295,6.409406968982525e-08,0.021428653510308305,0.04126300189834111,0.09375643849109061,0.11237592894592016,0.14890448186240432,540,0.047713707874941856,0.032217959925471544,0.08214210064061586,0.17906821783188176,0.27858488007066984,0.30846833789996597,0.3218436446447326,245,0.18126756528977087,,,,,,,,,,,,,,,,,,,,,,,,,,,
demos,demonstration_both_in_bin_interleaved_9_blue,/data3/extracted_data/both_in_bin_interleaved/demonstration_both_in_bin_interleaved_9_blue/deoxys_obs_cmd_history_both_in_bin_interleaved_9_blue.h5,546,2026-03-23T19:54:52.097759+00:00,28.231569051742554,19.30463018194735,1,1,1,1.0149048805236804,0.4553091549986116,0.034031666051762555,0.26082125812824697,1.24174469610691,0.0,0.0,0.42857142857142855,0.0,[],0.04443097114562988,0.04976587295532227,0.05003166198730469,0.0503171443939209,0.050696983337402336,1.0049841403961182,545,0.05180104413163771,0.04443097114562988,0.04976586103439331,0.05003166198730469,0.050313591957092285,0.05060053110122681,0.05598592758178711,544,0.05004886932232801,0.00010642640980040093,0.013746377183616064,0.041461172781138006,0.09360824490254918,0.10282778266990952,0.12285044153765923,544,0.04561001487214055,5.6564305009936625e-09,0.004461711998138407,0.01091812435854558,0.020310320219001553,0.022395609202907816,0.023627147290968483,546,0.011787389502695662,0.0012363322921688802,0.003847935640607479,0.00948498051834579,0.016696167367503827,0.01815410970966442,0.01940379809502362,544,0.0098569832090595,0.00015090325905475765,0.0007597791263833643,0.0021199004258960485,0.004733645636588334,0.005276249535381793,0.0097105847671628,545,0.002348578767850995,0.04903264343738556,0.04908386245369911,0.07988185808062553,0.07995491474866867,0.0799708366394043,0.0799708366394043,546,0.06710064162128355,-1.0,-1.0,-1.0,1.0,1.0,1.0,546,-0.14285714285714285,1.1880313681238884e-07,0.018974645757419032,0.04826216884085502,0.08960861351757744,0.09704547411574453,0.11239036372212262,546,0.051048943519505716,-0.06566084193679213,0.02935591747958254,0.1383496123741027,0.27992876391471166,0.31686893672870475,0.3526020412648779,275,0.1443185098477127,,,,,,,,,,,,,,,,,,,,,,,,,,,
demos,demonstration_both_in_bin_interleaved_9_pink,/data3/extracted_data/both_in_bin_interleaved/demonstration_both_in_bin_interleaved_9_pink/deoxys_obs_cmd_history_both_in_bin_interleaved_9_pink.h5,523,2026-03-23T19:55:55.823916+00:00,27.087260484695435,19.271051802929094,1,1,1,1.0194130420684804,0.4566542137624954,0.03223729915983285,0.26254800313644,1.3253019740398178,0.0,0.0,0.3977055449330784,0.0,[],0.0469512939453125,0.049763929843902585,0.05004143714904785,0.050347673892974856,0.05124147415161133,1.0036799907684326,522,0.05189130361052765,0.0469512939453125,0.04976391792297363,0.05004119873046875,0.05034065246582031,0.05115866661071776,0.059792518615722656,521,0.05006445392308446,0.002918650184711207,0.010655710848813843,0.05073903352051899,0.08590309327282077,0.1044229863550881,0.13466940605482458,521,0.05080564299831093,7.893192158846042e-09,0.004487635504171695,0.01344865656892183,0.021207126674664175,0.023059114710825848,0.023513528844057757,523,0.013057654883426192,0.003073580306529673,0.004108304432295666,0.011078596430876749,0.017129451619361333,0.019368385648495263,0.01972098910356115,521,0.010791799056700474,0.00028252415359020233,0.0006529302598210051,0.002546844887547195,0.0044758110772818325,0.005551551315002142,0.015310203656554222,522,0.0025843901094049215,0.04852898046374321,0.048620717227458955,0.07989400625228882,0.07995573431253433,0.07997412234544754,0.07997412234544754,523,0.06765119503492607,-1.0,-1.0,-1.0,1.0,1.0,1.0,523,-0.2045889101338432,7.488348961163636e-08,0.02452733577198726,0.0515462454865966,0.09017152349965436,0.1112804948941021,0.13916845068835493,523,0.054165318843172224,0.025759622502092527,0.08331086600245473,0.1698750597223563,0.2872018546208655,0.32391072308046676,0.33523263832754546,223,0.18020836822863137,,,,,,,,,,,,,,,,,,,,,,,,,,,
original,demonstration_base_prompt_no_intervention_0,/data3/extracted_data/base_rollouts_original/demonstration_base_prompt_no_intervention_0/deoxys_obs_cmd_history_base_prompt_no_intervention_0.h5.884292.tmp,800,2026-05-09T16:58:26.666173+00:00,43.58766746520996,18.330873076374914,9,8,1,5.671155595779418,0.4576294351704728,0.03196415484920965,0.26528188061274377,1.738613086589505,0.0,0.0,0.4,0.345,[],0.029027462005615234,0.03951714038848877,0.04986000061035156,0.0652113676071167,0.13365334033965648,1.064206838607788,799,0.05455277530063825,0.029027462005615234,0.03941972255706787,0.049783945083618164,0.06290323734283447,0.07111769199371337,0.07986187934875488,787,0.05020556637716717,0.0006900415051446576,0.005694711875694695,0.03982590906614463,0.08428832976801083,0.10082072937918378,0.12358648910667792,787,0.042087747676775124,0.0021112665283668547,0.004198087055573808,0.011528731361787174,0.02127962710520106,0.02784316797596481,0.029392759560737735,800,0.012024799407239295,0.0018469757676177231,0.0038616746823738513,0.009946619449818771,0.018316085057311388,0.027848552037582783,0.029391360742125703,787,0.010206269874922297,0.00019118960057305342,0.0007254218353491739,0.002426909497207494,0.004859368530796018,0.006029530436590653,0.01965121205925959,799,0.0025957815405426216,0.0002797399938572198,0.0002803966635838151,0.07952791824936867,0.08019541949033737,0.08021774142980576,0.08022364974021912,800,0.061984085057811174,-1.0216879844665527,-1.0109544396400452,-0.9941273331642151,1.0157922625541687,1.0243921995162963,1.0405030250549316,800,-0.1982015649974346,0.009313559889766456,0.020704285429128673,0.048591777918577786,0.09096212746086364,0.09648141362011581,0.11693870681748302,800,0.051013524117098745,-0.03503793975959494,0.03513270106787549,0.15889074294720162,0.2825337595554834,0.3574495068701856,0.5043616806218499,355,0.16056811451240308,100,0.35733532905578613,0.3573420524597168,0.36653804779052734,0.40001816749572755,0.4006037616729736,0.40075016021728516,7,0.3749743870326451,0.029027462005615234,0.039452195167541504,0.04982256889343262,0.0633319616317749,0.07263612747192384,0.1290884017944336,791,0.05044075842904382,0.4382572296359153,1.0051029202433832,1.5967588869990852,2.5463171651630696,7.328757578447719,8.634247887837601,800,1.8085891609447344,0.00027749093752815757,1
original,demonstration_base_prompt_no_intervention_1,/data3/extracted_data/base_rollouts_original/demonstration_base_prompt_no_intervention_1/deoxys_obs_cmd_history_base_prompt_no_intervention_1.h5,547,2026-05-09T16:59:57.218865+00:00,30.45152974128723,17.930133712123972,7,6,1,4.577829647064208,0.4576120975080553,0.03198679609850158,0.2652550919071517,1.2670322104956817,0.0,0.0,0.37477148080438755,0.27787934186471663,[],0.03364992141723633,0.03856515884399414,0.049918174743652344,0.06567460298538208,0.27988636493681945,1.0470547676086426,546,0.055772032493200056,0.03364992141723633,0.038529372215270995,0.04976820945739746,0.0637852668762207,0.07222571372985839,0.07986712455749512,535,0.050338376125442647,0.0001803773111541529,0.006249066332983775,0.04378085963038286,0.08718157776240876,0.1225783115924711,0.15316313749600133,535,0.04444097733575505,0.002482604982691215,0.003977140167424183,0.011452374462434457,0.020148336339932744,0.02538857746381449,0.029168701929149474,547,0.011655167515110178,0.0016284049665782694,0.003455188179724059,0.00948588898933741,0.016350124109153968,0.02293380916240551,0.025761357610582975,535,0.009755734199950156,0.0003196642534602858,0.0008127138656808064,0.0024485719645290067,0.004543767901588815,0.006149706926013579,0.028980421724239536,546,0.0026725388727054755,0.04883695766329765,0.04886782169342041,0.07883414626121521,0.08020533248782158,0.08022168278694153,0.08022168278694153,547,0.06806917696973305,-1.02069890499115,-1.0110588312149047,-0.9890686273574829,1.0110702514648438,1.0194145250320434,1.0262200832366943,547,-0.2487365400769375,0.006884754520182544,0.019241424125895773,0.050085694996546304,0.08571312349845066,0.09576911045800289,0.10041840544814147,547,0.05133530741835176,-0.0488463613256277,-0.01840573520048841,0.1562661384996717,0.2805510046215627,0.37708941684825426,0.40776718274977997,268,0.1538487187933617,100,0.370589017868042,0.37380733489990237,0.3886299133300781,0.401229190826416,0.40273386001586914,0.4031100273132324,5,0.38854308128356935,0.03364992141723633,0.03853098154067993,0.04984867572784424,0.06534607410430908,0.07894714832305912,0.16902756690979004,540,0.050855110309742116,0.5138077166703834,0.9791439869049134,1.5534496301669047,2.2233727758372064,2.5342936160997986,2.771443826564064,547,1.5515797420599178,0.000303259089046104,1
original,demonstration_base_prompt_no_intervention_2,/data3/extracted_data/base_rollouts_original/demonstration_base_prompt_no_intervention_2/deoxys_obs_cmd_history_base_prompt_no_intervention_2.h5,559,2026-05-09T17:02:39.625405+00:00,31.0323007106781,17.981264270489433,8,6,1,4.58800230026245,0.4576158779726901,0.031969376032034626,0.26525248198028567,1.3305058005954442,0.0,0.0,0.38461538461538464,0.3005366726296959,[],0.031041383743286133,0.03916628360748291,0.04999184608459473,0.06823215484619137,0.22453120708464497,1.042484998703003,558,0.05561344213383172,0.031041383743286133,0.039133238792419436,0.04979872703552246,0.0642251968383789,0.07278869390487674,0.0789024829864502,544,0.05036274343729019,0.0004545989107738032,0.007354285464039641,0.04069305630944982,0.09261248409923963,0.16014088425062778,0.2573769299662789,544,0.045279163391788904,0.0025091847573568173,0.004511310273650853,0.0103557324882377,0.020984384925419763,0.030781587326665163,0.05693896160225445,559,0.011598981287272854,0.00229333634532891,0.0040033417847428684,0.008733723664686844,0.017126458424666313,0.02752926856822,0.05443056137264371,544,0.009635827414366815,0.00015701500906293084,0.0008621734541730303,0.002497310567193172,0.004858399637844456,0.006086482832427219,0.05312711310840375,558,0.002805004635758785,0.049088459461927414,0.04911407083272934,0.07919400185346603,0.08020986616611481,0.08021763652563095,0.08021839708089828,559,0.0686271103408874,-1.0180351734161377,-1.00925053358078,-0.9926377534866333,1.0106260776519775,1.015535545349121,1.0388493537902832,559,-0.2299082213096414,0.015424987960804458,0.023070400873083537,0.055183950965137965,0.09427656056597053,0.10307633692722315,0.10657651621875575,559,0.05518202864074904,-0.10104647067310511,-0.01510675948028863,0.15359916196246148,0.3277666895302365,0.37514360385014545,0.4387059903957473,321,0.15015312965559902,100,0.34769582748413086,0.34841289520263674,0.35216331481933594,0.38890666961669923,0.39381526947021483,0.39504241943359375,5,0.36210927963256834,0.031041383743286133,0.039152121543884276,0.04997420310974121,0.06602482795715328,0.08570102691650391,0.13161754608154297,552,0.051049400930819305,0.6222684543647428,1.0813920354956805,1.6171134480954896,2.223607335127227,2.4133538213310657,3.0803634592069886,559,1.6114808445898905,0.00030714276595578127,1
original,demonstration_base_prompt_no_intervention_3,/data3/extracted_data/base_rollouts_original/demonstration_base_prompt_no_intervention_3/deoxys_obs_cmd_history_base_prompt_no_intervention_3.h5,693,2026-05-09T17:03:52.910778+00:00,38.30187511444092,18.06700058241002,7,7,1,5.563673162460327,0.45761486876189666,0.03196809050484014,0.2652583574139521,1.2943953357016347,0.0,0.0,0.31024531024531027,0.4227994227994228,[],0.02925896644592285,0.038383865356445314,0.04977405071258545,0.06903398036956787,0.11967620611191655,1.0760486125946045,692,0.05534953051219786,0.02925896644592285,0.03837928771972656,0.049605369567871094,0.06611086130142212,0.07513603687286377,0.07994437217712402,678,0.05064948364696671,0.00020330231272036513,0.0012849533881162081,0.031687652951889786,0.08791473314455056,0.11878466323807743,0.23029463167222114,678,0.03529099149396182,0.0009680796493423875,0.002086013275400828,0.008118743204288464,0.020486095138531002,0.023395257710324788,0.04645329246398339,693,0.009661768392084371,0.0009752566206613401,0.0019815403818323196,0.00706568835286466,0.016062781937584168,0.019266753875546494,0.042161854821145865,678,0.00808563685208033,0.00010367096389526558,0.0006356235155203011,0.0021218687345681457,0.0046115938333876165,0.006214504676271803,0.03994284334095294,692,0.002428771980028152,0.04858611151576042,0.04878770560026169,0.07978302985429764,0.08021511882543564,0.08022037148475647,0.08022037148475647,693,0.07009842000030853,-1.0304392576217651,-1.0151690006256104,-0.997443675994873,1.007219409942627,1.0121797466278077,1.022437572479248,693,-0.38098557317067705,0.006863926144066689,0.018253649239248083,0.04078936847964268,0.10017604082104463,0.10810414495539522,0.12069477887886598,693,0.04627795731827544,-0.04284318986550369,-0.015392679352584602,0.13738362906759402,0.3030311516907305,0.3791714408485757,0.45004443083018775,363,0.13179462273342385,100,0.3654215335845947,0.369128942489624,0.3832850456237793,0.3882920742034912,0.38898215293884275,0.38915467262268066,6,0.3811836242675781,0.02925896644592285,0.038382863998413085,0.04968738555908203,0.06814756393432614,0.08010817527770993,0.09537172317504883,685,0.051005437600351596,0.6350415561236039,1.0109705485331149,1.4894375300599714,2.148926090474967,2.374714713830484,2.5769543787505094,693,1.5214810053358685,0.0003014177758745018,1
original,demonstration_base_prompt_no_intervention_4,/data3/extracted_data/base_rollouts_original/demonstration_base_prompt_no_intervention_4/deoxys_obs_cmd_history_base_prompt_no_intervention_4.h5,800,2026-05-09T17:05:18.005183+00:00,43.72997832298279,18.271218752927588,10,8,1,5.875904846191405,0.45761747944779685,0.0319831608442658,0.26526317414019884,1.807060781834033,0.0,0.0,0.3125,0.405,[],0.029748201370239258,0.03937690258026123,0.04984593391418457,0.066988205909729,0.15909043312072418,1.055027961730957,799,0.05473088651186832,0.029748201370239258,0.03936921358108521,0.04966115951538086,0.0628605842590332,0.07277320146560667,0.07958555221557617,784,0.05017384126478312,0.0004517393667133027,0.006426641169625322,0.038889932738159494,0.08779258154598159,0.13549754674965392,0.16065273710186218,784,0.0430902015842547,0.0010782726061025932,0.00435311607914575,0.010181137560205448,0.021377835870021223,0.03314206778273167,0.038919944540647344,800,0.01163810624766873,0.000887624207253766,0.0036950063926719815,0.008539016222472346,0.01893404124029603,0.029675894399207894,0.03811557529768082,784,0.009737899510739527,0.0002912120402814506,0.0008578729334721209,0.0023637403110443414,0.004585890492212745,0.006214188257853682,0.03642656525718842,799,0.0027007700163485674,0.00028762000147253275,0.0003815233358182013,0.07970980927348137,0.08021839708089828,0.0802203780412674,0.080221027135849,800,0.062435709098099326,-1.021795392036438,-1.0118820071220398,-0.9975194334983826,1.0121659278869628,1.01980628490448,1.0362379550933838,800,-0.376009819060564,0.009118356974451304,0.01469579679458125,0.04572446141240594,0.08505188126689198,0.10390404949692995,0.11430702525768431,800,0.047705378592552174,-0.06185472615713849,0.04997916546356707,0.1843160375900031,0.3309557167866401,0.41343730381074034,0.474672735224828,191,0.18613249934170994,100,0.3394641876220703,0.3439703702926636,0.37982869148254395,0.3943674087524414,0.3958135986328125,0.3961751461029053,7,0.37402548108782085,0.029748201370239258,0.039372801780700684,0.04978013038635254,0.06378650665283203,0.07875814437866213,0.1554093360900879,791,0.05064067255832754,0.5955402020025987,0.9616305212146864,1.5663194087998042,4.505886045414516,7.617814779641259,8.576983544523845,800,1.8204036029822328,0.00029729825331731297,1
original,demonstration_base_prompt_no_intervention_5,/data3/extracted_data/base_rollouts_original/demonstration_base_prompt_no_intervention_5/deoxys_obs_cmd_history_base_prompt_no_intervention_5.h5,600,2026-05-09T17:07:33.301253+00:00,33.05727958679199,18.120063341187034,8,6,1,4.640021228790282,0.457635544859254,0.03192460528147972,0.2652922035589757,1.3061792846613485,0.0,0.0,0.3616666666666667,0.2916666666666667,[],0.029967784881591797,0.039351582527160645,0.050074100494384766,0.0674285650253296,0.13077026844024242,1.060908317565918,599,0.055187445053075115,0.029967784881591797,0.039285361766815186,0.04989802837371826,0.06442347764968871,0.07472823858261109,0.07960367202758789,588,0.050378515201361,0.0,0.003216925887344841,0.036531175346219455,0.08166853838445808,0.12881864573139845,0.20852480640082066,588,0.04041201478845337,0.0008885909524680481,0.00429280246726892,0.00979613084474124,0.020987536044727202,0.061607547790564605,0.073847343037372,600,0.011805790001503969,0.0014879687814486205,0.003435227442948294,0.008468205590251403,0.017014762127023377,0.05808503812794075,0.07105269633121311,588,0.009981043922082218,0.0003062236998437304,0.0008236835201891524,0.002374123339791144,0.004522268629183927,0.006887539685211485,0.03362555276491186,599,0.00260105551510617,0.049085833132267,0.04913764577358961,0.07949212566018105,0.08020723611116409,0.08021577447652817,0.08021577447652817,600,0.06888027612119912,-1.027382254600525,-1.0113158583641053,-0.9935723841190338,1.0090674996376037,1.014768431186676,1.0173356533050537,600,-0.2761112200220426,0.021308317776882548,0.02646296908064489,0.05314256530025558,0.07987616913531226,0.0882920222400568,0.09619339281096488,600,0.05258768483917151,-0.0438178680202208,0.0,0.16214769867086035,0.31486031181788077,0.3896085260504121,0.4833558305436233,291,0.1596523120601258,100,0.35521769523620605,0.3552574634552002,0.3683457374572754,0.40001940727233887,0.40404276847839354,0.4050486087799072,5,0.3727862358093262,0.029967784881591797,0.03931546211242676,0.049955129623413086,0.06599512100219726,0.07925930023193362,0.1261897087097168,593,0.05081355833082537,0.5388780924808901,0.879146372707528,1.5623875383858254,2.135201142916877,2.3207942926850063,3.939644240172779,600,1.5383535021759946,0.11935520805655594,1
original,demonstration_base_prompt_no_intervention_6,/data3/extracted_data/base_rollouts_original/demonstration_base_prompt_no_intervention_6/deoxys_obs_cmd_history_base_prompt_no_intervention_6.h5,558,2026-05-09T17:08:44.131650+00:00,30.82355546951294,18.07059541041329,8,6,1,4.376896429061889,0.45761214018715335,0.031975134379054755,0.26525517115889324,1.280919806736419,0.0,0.0,0.3906810035842294,0.37455197132616486,[],0.0325620174407959,0.03959364891052246,0.04991888999938965,0.06460342407226553,0.2338034915923951,1.0560595989227295,557,0.0553385196939191,0.0325620174407959,0.039513659477233884,0.04981422424316406,0.06296629905700683,0.0712115430831909,0.07632923126220703,547,0.050249002969243194,0.00020995807275338564,0.0034256369123893513,0.04142073638837765,0.08450064765348768,0.13931764831438706,0.20146993843046035,547,0.04317051493942129,0.0025717440487350294,0.004200210724910699,0.010298353832348856,0.020010082287365866,0.02818568423632316,0.038222139158051324,558,0.011500080231649288,0.0018975779519102313,0.0035734935993486793,0.009085160513313657,0.01653768055918923,0.022648037920643984,0.03667570161393801,547,0.009531448944076324,0.0002370117178474362,0.0007430107697604108,0.0025139406497305724,0.005006135343255426,0.006764411387323456,0.0344830682353482,557,0.002742770134950585,0.04909699782729149,0.04913721866905689,0.07954728603363037,0.08021314442157745,0.08021624654531478,0.08021774142980576,558,0.06844310598000616,-1.029404640197754,-1.0124198913574218,-0.9949738681316376,1.0162095785140992,1.0210278463363647,1.030993938446045,558,-0.21877973417227414,0.008987153987902301,0.02059230935999259,0.050068639447114816,0.09407209367173344,0.10509546762958141,0.10914221186902572,558,0.05357853630098418,-0.028833478176783823,0.0010389735185307321,0.15374024709996226,0.30890849300391093,0.3713554365443573,0.4441023605052711,310,0.14892282623432992,100,0.3485381603240967,0.35082392692565917,0.38161134719848633,0.3936054229736328,0.39434207916259767,0.39452624320983887,5,0.37491297721862793,0.0325620174407959,0.039545655250549316,0.049852609634399414,0.06319963932037354,0.0744929313659668,0.14365482330322266,551,0.05062237928220884,0.647621680044844,0.9186018628118947,1.6024545841965971,2.2174149427595435,2.4420134150840376,2.716648255477508,558,1.5735055162595446,0.0003044189370324246,1
original,demonstration_base_prompt_no_intervention_7,/data3/extracted_data/base_rollouts_original/demonstration_base_prompt_no_intervention_7/deoxys_obs_cmd_history_base_prompt_no_intervention_7.h5,800,2026-05-09T17:09:54.801289+00:00,43.92228817939758,18.191219836647377,12,8,1,6.008937835693358,0.45761571100809684,0.03196630202856765,0.26525109978423644,2.0647121517089677,0.0,0.0,0.4125,0.39875,[],0.02980637550354004,0.03939220905303955,0.050084829330444336,0.06708185672760007,0.14245772838592147,1.0534677505493164,799,0.05497157469261275,0.02980637550354004,0.039339315891265866,0.049956679344177246,0.06386616230010984,0.07251582145690916,0.07751893997192383,782,0.05034655835622412,0.00017528353230666176,0.003138801124824868,0.04624814611487304,0.10446345024383967,0.21847203533916032,0.30314851057181075,782,0.04988877695478778,0.001069121586218275,0.00415954707923927,0.012966304584695047,0.026751950073584958,0.057437547037632285,0.07571667108533751,800,0.014164142988666466,0.001219048310986353,0.003438984816343253,0.01076875538024186,0.0249034269365322,0.04539716451827552,0.0753345999525875,782,0.012010490484884962,0.00010922783411511357,0.0008960508307452797,0.0026035710452541718,0.005139545905837191,0.00677427543165434,0.07753479621116291,799,0.0030456865984360825,0.00027842665440402925,0.0002803966635838151,0.0793568566441536,0.08021248877048492,0.08021709233522416,0.08021839708089828,800,0.05483488043802936,-1.0337055921554565,-1.0164638459682465,-0.9939970374107361,1.0123499393463136,1.0267226767539979,1.0319328308105469,800,-0.18081780940294265,0.0024078024819154924,0.019001603875346097,0.05159835601012069,0.09392262844779135,0.10159898470456108,0.11026587279653935,800,0.05341675523800174,-0.04572710820943959,0.025651944980675405,0.17356292997463385,0.32215594885420773,0.3763029920457884,0.584851780247284,296,0.17357926583778033,100,0.3481869697570801,0.3538395643234253,0.3716273307800293,0.3984001874923706,0.40294206142425537,0.40407752990722656,7,0.37374898365565706,0.02980637550354004,0.03936731815338135,0.0500338077545166,0.06543529033660889,0.08065507411956789,0.1382591724395752,791,0.05088821434040287,0.5147435618244717,0.9279689655706554,1.5524093557893806,7.19359339545711,8.172341618940848,8.695086090210085,800,2.019571175701712,0.00030969239878636534,1
original,demonstration_base_prompt_no_intervention_8,/data3/extracted_data/base_rollouts_original/demonstration_base_prompt_no_intervention_8/deoxys_obs_cmd_history_base_prompt_no_intervention_8.h5,570,2026-05-09T17:11:48.753471+00:00,31.619123220443726,17.9954389004723,7,6,1,4.763663721084594,0.4576395524742794,0.031939833695210036,0.2652925012275574,1.4498768924376315,0.0,0.0,0.38421052631578945,0.3508771929824561,[],0.03165555000305176,0.038504934310913085,0.04993796348571777,0.06686873435974122,0.23973444938660676,1.0437471866607666,569,0.0555696365912895,0.03165555000305176,0.038453090190887454,0.04976391792297363,0.06469355821609496,0.07298562526702873,0.07717132568359375,558,0.05037038257899677,0.0001803475691727281,0.007663113511803147,0.04728330640800651,0.09874165435724139,0.13339301419139768,0.17477588290500212,558,0.04833156897914191,0.0016309912827778042,0.003994637060860127,0.011976856159494106,0.02071341644335914,0.028907587137528706,0.03989246717455126,570,0.012265342350504192,0.0007190352641309796,0.0031196240522380044,0.009891211959853341,0.01639574102464778,0.023278922576658218,0.03935552943079021,558,0.010090450512934666,0.00014669357923261485,0.0008455784417878059,0.00265594083816671,0.005162803057517854,0.0066151464085981255,0.04013863850018983,569,0.0029150869867517228,0.048595961183309555,0.048800840973854065,0.07967205345630646,0.08020986616611481,0.08021577447652817,0.08021708577871323,570,0.06852936018585112,-1.0223952531814575,-1.0095711648464203,-0.9959284663200378,1.0082531690597534,1.0156898880004883,1.0251033306121826,570,-0.2323657624554216,0.011108496092685443,0.023397761067096567,0.04845473337396809,0.08096594541510446,0.08855825530974319,0.0916006762015279,570,0.050875974379845014,-0.014637113165012101,0.010274668914505734,0.16279468032112002,0.32583086018927443,0.38221190630214763,0.5101648937979817,310,0.16606057393609047,100,0.3769872188568115,0.3780542850494385,0.38357090950012207,0.3986372470855713,0.3991476917266846,0.3992753028869629,5,0.3876482009887695,0.03165555000305176,0.038483405113220216,0.04987692832946777,0.06591482162475584,0.07714693546295166,0.17514491081237793,563,0.0508652487190748,0.504658532786754,0.9352919920092393,1.584975574067426,2.1218685228524343,2.385817341344426,3.0243571390057737,570,1.5589864728259146,0.00026575521495281196,1
original,demonstration_base_prompt_no_intervention_9,/data3/extracted_data/base_rollouts_original/demonstration_base_prompt_no_intervention_9/deoxys_obs_cmd_history_base_prompt_no_intervention_9.h5,800,2026-05-09T17:12:53.390886+00:00,43.88118267059326,18.20826038345237,11,8,1,5.9516197681427,0.45754117247369586,0.031990732708916364,0.2652181526573889,1.8862661222567914,0.0,0.0,0.43875,0.3475,[],0.02968120574951172,0.03977811336517334,0.04962038993835449,0.06738090515136716,0.15803287029265986,1.0530633926391602,799,0.054920128498865156,0.02968120574951172,0.03975808620452881,0.04950284957885742,0.06315004825592041,0.07371294498443604,0.07989358901977539,783,0.05032574079959329,0.00046175694785264985,0.00531402490282448,0.042589119993757335,0.08983268654332952,0.13382273398159084,0.23413428976616407,783,0.04512595668613481,0.0008680299211990289,0.0044118478214629775,0.011490954314894759,0.02355778774655785,0.028734236545832587,0.049481989171211806,800,0.012821013620206077,0.001018229295043169,0.0036593940026290075,0.009776941308729869,0.02241778656672852,0.02870294036213986,0.048755479553444246,783,0.010863512060989722,0.00021980578877133088,0.0007497541241103829,0.0025097765341307696,0.004783299737892828,0.0071722851363320616,0.047078283172615955,799,0.0027846643851470966,0.00027317332569509745,0.0002758000046014786,0.07883874326944351,0.08021248877048492,0.08021839708089828,0.08021971583366394,800,0.05382972694194905,-1.0410151481628418,-1.0157428562641144,-0.9917284548282623,1.010029947757721,1.0199827194213866,1.0285849571228027,800,-0.1241803677380085,0.0027880295066412164,0.021487538723775096,0.04779119891942633,0.08441947570001826,0.10514879325506249,0.11943342452804873,800,0.04986949131926186,-0.04098001390919878,-6.211316935981158e-05,0.17755635583411195,0.33724842127848137,0.40638553675187156,0.4835324369012286,307,0.17928484841086625,100,0.35808300971984863,0.3591880798339844,0.3688018321990967,0.393505859375,0.3985942459106445,0.39986634254455566,7,0.3727351256779262,0.02968120574951172,0.039768099784851074,0.04958677291870117,0.06552684307098389,0.07999224662780764,0.15395021438598633,791,0.050845731224031125,0.6463105516332514,0.9625694052249878,1.5407056586906203,7.236141581033396,8.013938398018722,8.881984097027361,800,2.1294887855639884,0.0003432508161993475,1
recent,demonstration_dracorex_base_0,/data3/extracted_data/demonstration_dracorex_base_0/deoxys_obs_cmd_history_dracorex_base_0.h5,975,2026-09-12T00:38:47.206442+00:00,55.41062045097351,17.57785767552956,13,13,1,9.52618360519409,0.457607541491154,0.03198299211860726,0.2652428689021556,2.2741227688405665,0.0,0.0,0.3405128205128205,0.4564102564102564,[b'null'],0.031563520431518555,0.037221527099609374,0.05039644241333008,0.06671200990676877,0.49202833890914915,1.0363187789916992,974,0.05688975405644098,0.031563520431518555,0.03720476627349854,0.05032205581665039,0.06437897682189941,0.07191970348358151,0.07984280586242676,959,0.0503006846613879,0.0,0.007758538736682643,0.039371140642109025,0.08812484138976406,0.1295937810642484,0.21703505137429702,959,0.044247617953807036,0.00037192262124938945,0.0028432433548061316,0.01089821097959003,0.021131364337638875,0.03574765133061656,0.0498825326723038,975,0.011508154043228944,0.0005611410041116786,0.002195536234307616,0.008790588641662912,0.01722093864152652,0.03504823480581633,0.04980633620325977,959,0.009608337984662714,0.0001977712502093479,0.0007969575178038801,0.0023708473895338936,0.004699462099119545,0.009712461942681064,0.04909549055242499,974,0.0027386138062797482,0.0001825533399824053,0.00018386666488368064,0.0794435366988182,0.08029129356145859,0.0803050771355629,0.08030770719051361,975,0.05736272590413976,-1.0351157188415527,-1.0155739903450012,-0.9977666735649109,1.0132253170013428,1.0226917314529418,1.0429611206054688,975,-0.32090582175132554,0.01477266101717282,0.025875243687121414,0.050441732012016745,0.08077030278191819,0.09751821076158519,0.10805593758667591,975,0.05136962997219596,-0.0034018367922553716,0.08704892545759584,0.17634701192766505,0.29301799841744325,0.3445839561003841,0.3805355650788242,301,0.1807016447807329,75,0.48975133895874023,0.49046586751937865,0.4978039264678955,0.5036432862281799,0.5048233532905578,0.5051183700561523,12,0.49735989173253375,0.031563520431518555,0.03720664978027344,0.05034184455871582,0.06465387344360352,0.07258419990539551,0.08632779121398926,961,0.05037042973068825,0.6844836308177104,1.0768716364201714,1.5771003604388232,2.1573457659553164,2.479378157854025,2.823083291004245,975,1.581184227622359,0.2198850362249636,1
recent,demonstration_dracorex_base_1,/data3/extracted_data/demonstration_dracorex_base_1/deoxys_obs_cmd_history_dracorex_base_1.h5,975,2026-09-12T00:49:50.732118+00:00,56.76212430000305,17.15932960599129,16,13,1,10.972604608535764,0.45763102765579633,0.03197511347528743,0.26525738024250434,2.2753529286657312,0.0,0.0,0.3415384615384615,0.41025641025641024,[b'null'],0.031032800674438477,0.03757456541061401,0.05024588108062744,0.07198237180709836,0.5002322793006896,1.046682357788086,974,0.058277335010270076,0.031032800674438477,0.037545061111450194,0.050092220306396484,0.06733541488647461,0.07574508666992186,0.07945871353149414,945,0.05086422849584509,0.0,0.007309352322928122,0.036627726373954034,0.0928686011346414,0.17755363961002268,0.3339136152460522,945,0.04312754814182316,0.0007020574218737938,0.0032456600413818416,0.009611099231862012,0.022588230839753188,0.04994268749684168,0.06960128041221877,975,0.011639135277270235,0.0006735335808641112,0.002539537607598,0.007900465324998163,0.019521486039335425,0.04810191523840362,0.06571965554579444,945,0.009757942756786096,0.00021236050305748933,0.0007099215930575822,0.0022435530103721026,0.004397253489145117,0.01132029853816513,0.05065960874350359,974,0.0026299105031058205,0.00017927000590134412,0.00017992666107602417,0.07961951941251755,0.08021446317434311,0.08028209954500198,0.08030179888010025,975,0.05705901156887054,-1.032886266708374,-1.0113033652305603,-0.997744083404541,1.0121082305908202,1.0238861417770386,1.0609755516052246,975,-0.3173114094978724,0.014884227740860076,0.022663243929176888,0.04684951536599014,0.07682304828630294,0.09992635552878203,0.10983527319363447,975,0.04824929757029891,-0.03578150057309315,0.012588220562877533,0.16851871427075996,0.322947492368557,0.43793889868504104,0.6556427518210476,293,0.17952434711645357,75,0.4854133129119873,0.49204535484313966,0.5204967260360718,0.5347741127014161,0.5356339073181152,0.53584885597229,12,0.5151430567105612,0.031032800674438477,0.03756356239318848,0.0501866340637207,0.06983280181884766,0.08679976463317869,0.11421632766723633,961,0.0515439388779274,0.6630717290886049,1.0623112870093336,1.5301752732376663,2.172406897507891,2.420302340050122,2.8334457668352364,975,1.575392797480423,0.1640423887535436,1
recent,demonstration_dracorex_base_2,/data3/extracted_data/demonstration_dracorex_base_2/deoxys_obs_cmd_history_dracorex_base_2.h5,975,2026-09-12T00:57:56.197579+00:00,55.81338047981262,17.45101249246657,13,13,1,10.15126094818115,0.4576344188770593,0.031983934407051884,0.2652707411061626,2.6492397162576715,0.0,0.0,0.3364102564102564,0.4502564102564103,[b'null'],0.030528545379638672,0.03682962656021118,0.0505063533782959,0.06766214370727536,0.4971188259124754,1.0602068901062012,974,0.057303265379684415,0.030528545379638672,0.03682074546813965,0.05039572715759277,0.06521401405334472,0.0739656734466552,0.07939982414245605,957,0.050423360792696166,0.00016611827921127648,0.011381326515380168,0.04425505916268346,0.11290262834173527,0.24956432467533543,0.32565425765569483,957,0.052197386826989836,0.000884129046243407,0.0035843702087083426,0.01090714737912859,0.024832502262555206,0.06111852776407152,0.07080194840437293,975,0.012699428033178327,0.0012459597015146882,0.003133724893933566,0.008981610992474603,0.019637449102498768,0.056393860334353056,0.07007960571559864,957,0.010468833265784003,0.00021609835816117478,0.0008967263626114572,0.0024557813789110464,0.0046929379187136385,0.016845702939139173,0.0706726320609461,974,0.0030165066705180733,0.00018386666488368064,0.00018452333461027592,0.07970882952213287,0.08029457181692123,0.08029785752296448,0.080298513174057,975,0.06037721251195762,-1.0387980937957764,-1.0163125038146972,-0.998091995716095,1.0166470527648925,1.023088665008545,1.0507187843322754,975,-0.3277146404217451,0.006145275509393417,0.018214324122669812,0.041393929515785896,0.0818774635691775,0.09139110269778111,0.11013533787883104,975,0.04485876110269338,-0.11285013392084461,0.05299494721477376,0.18230554480506578,0.3030908560255583,0.38713290759975416,0.7167041174544091,353,0.18304759641411034,75,0.4740946292877197,0.4784910321235657,0.5086946487426758,0.5643501043319702,0.6043754529953004,0.6143817901611328,12,0.5136488477389017,0.030528545379638672,0.036823272705078125,0.05044054985046387,0.06593012809753418,0.07544746398925781,0.0914161205291748,961,0.05056127722876129,0.4535749502726189,1.0682825835205678,1.5381122654897468,2.160473130140416,2.3935555084336113,2.9340269981796396,975,1.5613302845471635,0.00028860969755745147,1
recent,demonstration_dracorex_base_3,/data3/extracted_data/demonstration_dracorex_base_3/deoxys_obs_cmd_history_dracorex_base_3.h5,975,2026-09-12T01:05:45.726505+00:00,55.64359974861145,17.504259329022034,13,13,1,9.729756593704222,0.4576112305502119,0.03198074722089806,0.2652356319140503,2.1154528457000676,0.0,0.0,0.39179487179487177,0.4492307692307692,[b'null'],0.032552242279052734,0.03776619434356689,0.05030703544616699,0.06864670515060424,0.49285695791244505,1.041351079940796,974,0.0571289525139748,0.032552242279052734,0.03771243095397949,0.05016040802001953,0.06413836479187007,0.0730443000793457,0.07915091514587402,957,0.05037084193812642,0.0,0.004855077790596639,0.03715194177217686,0.08676712909529524,0.1353085447577077,0.4346804029151532,957,0.041448700226968005,0.0003995032222057476,0.0029192144955229784,0.00975420430667832,0.020994981309216974,0.04028876354602207,0.06928038312417345,975,0.010979387003846989,0.00023757875633022586,0.0024261848990980357,0.008128840327494282,0.017338590302760058,0.038978013503174244,0.0650180825944419,957,0.009212973829846734,0.00015384469411700534,0.000665545392089964,0.0023429946020391886,0.00449891796501538,0.006167483573857022,0.03955694110666541,974,0.002545473288551997,0.0001825533399824053,0.00018386666488368064,0.07969963550567627,0.08028997480869293,0.08030574023723602,0.08030639588832855,975,0.055146771277038334,-1.0298415422439575,-1.016347050666809,-0.9977802634239197,1.0137629985809327,1.0230137348175048,1.032893419265747,975,-0.2200310645959316,0.01288083638254771,0.023577824095569182,0.04849924686240871,0.07795391326462131,0.08777866060360749,0.09512059645935704,975,0.049157276864496224,-0.05618578595677013,-0.010239712704495849,0.1607809474408019,0.3131789128832888,0.3969176409068957,0.6342339883986368,342,0.15969473375581142,75,0.4892537593841553,0.49014846086502073,0.5023010969161987,0.5205367684364319,0.5265038228034973,0.5279955863952637,12,0.5031796296437582,0.032552242279052734,0.037724971771240234,0.050183773040771484,0.06516671180725098,0.07533726692199706,0.09990429878234863,961,0.05053495641305469,0.6409834309748331,1.106061598159412,1.5857744733142443,2.156753966035635,2.4256647836760132,2.9544287747989837,975,1.5951164703958236,0.21031758976084583,1
recent,demonstration_dracorex_base_4,/data3/extracted_data/demonstration_dracorex_base_4/deoxys_obs_cmd_history_dracorex_base_4.h5,975,2026-09-12T01:15:41.984743+00:00,55.50161695480347,17.549038270239148,14,13,1,9.799000024795529,0.45761166632836087,0.031965978139986806,0.2652183163746565,2.579275849688386,0.0,0.0,0.36512820512820515,0.41025641025641024,[b'null'],0.032845258712768555,0.037249398231506345,0.0501629114151001,0.06741451025009153,0.4866278505325317,1.0460748672485352,974,0.05698317962505489,0.032845258712768555,0.03719288110733032,0.04998910427093506,0.06519585847854614,0.07264264822006228,0.07963109016418457,956,0.05032541337871153,0.0,0.0018924944464659057,0.04363513245644404,0.12051049327743407,0.21247996117886497,0.2657722495160673,956,0.05053758516014244,0.0013515352640341269,0.003720260059450108,0.011890577280682482,0.03011521602574088,0.04631177558510795,0.06510725722330298,975,0.013384792458733403,0.0014184800329314336,0.0032973841543072454,0.009581113605285293,0.028199288363453468,0.04410188413541753,0.06507721467615095,956,0.011293966904690911,0.00024829930097084715,0.0007650503726093063,0.002449783516153564,0.004798479896314766,0.018374978460658022,0.06511583986530763,974,0.0029336911516531674,0.00017927000590134412,0.00018124000052921474,0.0795682966709137,0.08027126118540764,0.08029326051473618,0.08030574023723602,975,0.056253578945045145,-1.0271912813186646,-1.0139546155929566,-0.9963209629058838,1.0135470628738403,1.0271548843383789,1.0407416820526123,975,-0.26972537236335953,0.0025723158553167436,0.01578072907056667,0.04177783272578444,0.07921479278164843,0.09254942104209489,0.10110364984379798,975,0.04453739122302148,-0.04524704226180409,0.06119331062005033,0.17994860762455328,0.3072539825153265,0.3779061839720723,0.7643875480134993,310,0.1853641891644737,75,0.47260284423828125,0.4790311098098755,0.49220144748687744,0.5057649254798889,0.5077426838874817,0.5082371234893799,12,0.49200870593388873,0.032845258712768555,0.037233591079711914,0.05005693435668945,0.06575679779052734,0.07448806762695312,0.1017298698425293,961,0.05052178732190246,0.6733632691145829,1.052928896680017,1.6271610478432839,3.180507993745307,7.869536388359701,9.06829131942031,975,1.8689133770389939,0.18111488348383006,1
recent,demonstration_dracorex_base_5,/data3/extracted_data/demonstration_dracorex_base_5/deoxys_obs_cmd_history_dracorex_base_5.h5,975,2026-09-12T01:27:32.653500+00:00,55.88274788856506,17.429350502631664,13,13,1,10.058921194076536,0.45761580664573814,0.03199343026757826,0.2652298619773393,2.1480363736852537,0.0,0.0,0.3517948717948718,0.3958974358974359,[b'null'],0.032553672790527344,0.037161409854888916,0.050081491470336914,0.06885199546813962,0.49565212488174437,1.0378332138061523,974,0.05737448448517974,0.032553672790527344,0.03703272342681885,0.04992818832397461,0.06486451625823975,0.07178318500518799,0.07971596717834473,951,0.050375531023107746,0.0003414584434621922,0.007659622231945471,0.03602448813206063,0.08892691065885983,0.12133997392499607,0.24097424574392415,951,0.041572985823800895,0.0006443601602157125,0.0028109284375952477,0.00944031744012256,0.020053654382695928,0.028768237440627512,0.043231383799387894,975,0.0105181569107672,0.0004999422134445256,0.0023321965277253638,0.007941647625988469,0.016667831109771145,0.026868126566180706,0.04312477047138987,951,0.008735196645214277,0.00020269643765152663,0.0008128737561504896,0.002323178617975868,0.004791626536239706,0.006260576173167748,0.042128116947975726,974,0.002612682427822959,0.0001740166626404971,0.00017533000209368765,0.07958865910768509,0.08027881383895874,0.08029730319976806,0.08031164854764938,975,0.05820936403310416,-1.0334594249725342,-1.0133273720741272,-0.996360719203949,1.0184051036834716,1.0261340188980101,1.0426464080810547,975,-0.2951182101934384,0.013221204928119228,0.026314034160553886,0.04583383231823172,0.07320678503429871,0.08302595455038404,0.09191222424268375,975,0.0469834923195546,-0.0835191122986692,0.07045345208806758,0.18129165583541162,0.2929444834669046,0.3571595063866104,0.42815591772766887,342,0.18078233519622275,75,0.4838385581970215,0.48893152475357055,0.5033200979232788,0.5249569177627563,0.5328501176834106,0.5348234176635742,12,0.5055948297182719,0.032553672790527344,0.037064552307128906,0.049993276596069336,0.06707334518432617,0.08026499748229977,0.09881973266601562,961,0.050757311881518885,0.5344498238875623,1.0840777531296022,1.5417424316927906,2.1574215893866335,2.3833783556646675,2.627879473176218,975,1.5720956669370258,0.00032989395293087087,1
recent,demonstration_dracorex_base_6,/data3/extracted_data/demonstration_dracorex_base_6/deoxys_obs_cmd_history_dracorex_base_6.h5,975,2026-09-12T01:37:41.424747+00:00,55.72691512107849,17.478089319743958,13,13,1,9.920620727539063,0.45763948559399736,0.03196137772714586,0.2652671582991491,2.192810456371899,0.0,0.0,0.39384615384615385,0.46153846153846156,[b'null'],0.03246641159057617,0.03694638013839722,0.05036354064941406,0.06866952180862426,0.4896423554420471,1.035776138305664,974,0.057214491910758204,0.03246641159057617,0.036911535263061526,0.05022072792053223,0.06622905731201172,0.07374001502990724,0.07906436920166016,953,0.05044869485957175,0.0,0.007304896420174999,0.03841709970352272,0.09383072699191762,0.12294129157343785,0.17858941824159139,953,0.042838045413001714,0.0004757893828301204,0.0033324178741673816,0.009498600027383952,0.020933550843397663,0.0280420118233998,0.04393735046535271,975,0.010787813993467506,0.0009265452720395074,0.0028416560649983315,0.008079172209112898,0.016727800880544996,0.02455554609069352,0.04357586579908256,953,0.008962677746571212,0.00016457653371622323,0.0007493866813639523,0.002402606416132088,0.005057185716760627,0.007418712469778697,0.04358465220166135,974,0.0027710814213896093,0.00017861333617474884,0.00017927000590134412,0.07949475198984146,0.08029063045978546,0.08029557034373283,0.0803004801273346,975,0.057771873010400064,-1.0260744094848633,-1.0159774541854858,-0.9974833130836487,1.0162461996078491,1.0272360706329347,1.0444579124450684,975,-0.21432873028975266,0.016271389570016514,0.024715474481127406,0.05168796712622802,0.07696793387511487,0.09056302876758011,0.09988336728606165,975,0.05110696238184842,-0.007384614092836766,0.06288140652102803,0.17143378019850616,0.28446094113952286,0.3309288927975508,0.44698165769521797,315,0.1724643334509786,75,0.4852292537689209,0.4855817317962646,0.4930950403213501,0.5106916427612305,0.5191511154174805,0.521265983581543,12,0.49590184291203815,0.03246641159057617,0.03691554069519043,0.05025935173034668,0.06703805923461914,0.07752513885498043,0.08563494682312012,961,0.05071833180835418,0.6072822847267706,0.997677863970848,1.5025501532823269,2.245749724923566,2.5156989805313845,2.9278448949396756,975,1.5636121115878696,0.1770177455215131,1
